"Name","Team","IP","vFA","vFT","vFC","vFS","vFO","vSI","vSL","vCU","vKC","vEP","vCH","vSC","vKN","playerid"
"Aroldis Chapman","- - -","58.0","100.4","","","","","","88.2","","","","89.0","","","10233"
"Mauricio Cabrera","Braves","38.1","100.0","90.1","","","","","84.2","83.1","","","90.9","","","12975"
"Noah Syndergaard","Mets","183.2","97.9","","","","","97.8","90.8","82.4","","","89.7","","","11762"
"Brian Ellington","Marlins","33.0","97.9","90.4","","","","","","86.4","","","87.9","","","17233"
"Arquimedes Caminero","- - -","60.2","97.8","98.2","","90.3","","","91.7","","","","","","","8992"
"Dellin Betances","Yankees","73.0","97.6","","97.7","","","","","","84.2","","","","","6216"
"Craig Kimbrel","Red Sox","53.0","97.3","97.8","","","","","","","86.6","","","","","6655"
"Ken Giles","Astros","65.2","97.2","98.0","","","","","86.0","","","","","","","12910"
"Carlos Estevez","Rockies","55.0","97.2","98.7","94.5","","","","85.7","","","","89.1","","","14542"
"Bruce Rondon","Tigers","36.1","97.2","","","","","","86.3","","","","89.3","","","5766"
"Kelvin Herrera","Royals","72.0","97.1","96.7","","","","","83.5","81.0","","","88.7","","","6033"
"Trevor Rosenthal","Cardinals","40.1","97.1","","","","","","85.2","82.2","","","87.0","","","10745"
"Jandel Gustave","Astros","15.1","97.1","97.0","97.6","","","","86.8","","","","","","","14665"
"Hunter Strickland","Giants","61.0","97.1","96.1","","","","","","84.1","","","88.9","","","7836"
"Nathan Eovaldi","Yankees","124.2","97.0","96.5","92.9","89.2","","","85.8","74.7","","","86.0","","","9132"
"Matt Bush","Rangers","61.2","97.0","97.4","","","","","91.7","80.7","","","91.4","","","1246"
"Jorge Rondon","Pirates","3.2","96.8","95.4","","","","","88.6","","","","","","","5791"
"Koda Glover","Nationals","19.2","96.8","","90.6","","","96.4","89.9","79.9","","","85.6","","","17695"
"Alex Reyes","Cardinals","46.0","96.8","96.2","","","","","","79.5","","","88.0","","","15015"
"James Paxton","Mariners","121.0","96.7","96.6","89.5","","","","","","81.9","","88.2","","","11828"
"Jeurys Familia","Mets","77.2","96.7","","","93.2","","96.0","86.8","","","","","","","5114"
"Joe Kelly","Red Sox","40.0","96.7","95.4","","","","","87.2","82.0","","","85.4","","","9761"
"Pedro Baez","Dodgers","74.0","96.7","96.5","","","","","87.7","","","","87.2","","","5420"
"Arodys Vizcaino","Braves","38.2","96.6","97.4","","","","","84.9","","","","88.8","","","5498"
"J.T. Chargois","Twins","23.0","96.6","95.8","","","","","87.2","","","","87.7","","","13767"
"Matt Barnes","Red Sox","66.2","96.6","","","","","","","82.4","","","88.2","","","12863"
"Damien Magnifico","Brewers","3.0","96.5","","","","","","84.4","83.0","","","","","","13395"
"Tommy Kahnle","White Sox","27.1","96.5","96.3","95.3","","","","84.1","","","","88.7","","","11384"
"Carlos Martinez","Cardinals","195.1","96.5","95.0","","","","","","84.8","","","87.0","","","11682"
"Luis Garcia","Phillies","15.1","96.4","96.1","","","","","85.3","","","","","","","6984"
"Edwin Diaz","Mariners","51.2","96.3","97.8","","","","95.8","86.7","88.2","","","","","","14710"
"Josh Ravin","Dodgers","9.2","96.3","","","","","96.9","84.2","","","","","","","2951"
"JC Ramirez","- - -","78.2","96.3","97.2","","","","","87.2","","","","89.1","","","8302"
"Dan Altavilla","Mariners","12.1","96.3","96.9","91.2","","","","88.8","","","","89.9","","","16507"
"Yordano Ventura","Royals","186.0","96.2","96.3","91.4","","","","","83.0","","","86.1","","","11855"
"Enny Romero","Rays","45.2","96.1","95.0","89.4","","","","83.9","","","","","","","4001"
"Luis Severino","Yankees","71.0","96.1","","90.9","","","","88.2","","","","88.7","","","15890"
"Miguel Castro","Rockies","14.2","96.1","","","","","","82.8","","","","87.3","","","15684"
"Blake Wood","Reds","76.2","96.1","","","","","95.5","89.8","","","","86.5","","","1345"
"Neftali Feliz","Pirates","53.2","96.0","91.5","","","","","84.3","","","","88.0","","","18"
"Austin Adams","Indians","18.1","96.0","","","","","","86.1","","","","88.8","","","7411"
"Bo Schultz","Blue Jays","16.1","96.0","96.8","90.6","","","","85.0","","","","87.3","","","5028"
"Jumbo Diaz","Reds","43.0","96.0","95.6","94.8","","","","85.8","","","","89.5","","","3397"
"Hector Rondon","Cubs","51.0","95.9","96.2","","","","91.2","85.7","","79.5","","90.1","","","2391"
"Shae Simmons","Braves","6.2","95.9","97.1","","83.2","","","82.3","","","","","","","14200"
"Jose Dominguez","Padres","35.2","95.8","","","","","","89.3","","","","85.9","","","11571"
"Sam Dyson","Rangers","70.1","95.8","95.1","","","","","87.6","83.4","","","88.9","","","11710"
"Felipe Rivero","- - -","77.0","95.8","92.9","","","","","82.3","85.0","","","87.6","","","12076"
"Reynaldo Lopez","Nationals","44.0","95.8","","","","","","","78.0","","","85.8","","","16400"
"Samuel Tuivailala","Cardinals","9.0","95.8","95.7","","","","","88.7","81.0","","","","","","13485"
"Roberto Osuna","Blue Jays","74.0","95.7","95.4","89.1","","","","86.3","","","","82.9","","","13764"
"Enrique Burgos","Diamondbacks","41.1","95.7","","","","","","88.4","","","","86.1","","","3895"
"Michael Lorenzen","Reds","50.0","95.7","96.0","","","","","90.8","80.3","","","87.9","","","14843"
"Chris Hatcher","Dodgers","40.2","95.7","96.1","91.9","86.8","","","85.5","","","","","","","3299"
"Blake Treinen","Nationals","67.0","95.7","","","","","95.3","86.7","","","","88.0","","","12572"
"Garrett Richards","Angels","34.2","95.7","95.7","95.1","","","","88.4","79.5","","","88.5","","","9784"
"Daniel Hudson","Diamondbacks","60.1","95.7","96.1","","","","","85.8","","","","85.3","","","7146"
"Keone Kela","Rangers","34.0","95.7","95.9","","","","","","83.9","","","89.5","","","14696"
"John Axford","Athletics","65.2","95.6","","87.2","","","","90.8","78.7","","","","","","9059"
"Kyle Barraclough","Marlins","72.2","95.5","","","","","","82.2","","","","89.5","","","13713"
"Ben Heller","Yankees","7.0","95.5","","","","","","83.4","82.8","","","84.6","","","15100"
"Jeremy Jeffress","- - -","58.0","95.4","95.2","","","","95.8","","80.7","80.7","","90.1","","","9490"
"Josh Smoker","Mets","15.1","95.4","","","83.0","","","80.8","82.7","","","82.6","","","10285"
"Brandon Maurer","Padres","69.2","95.4","94.0","","","","","85.1","","","","85.0","","","4878"
"Zach Britton","Orioles","67.0","95.4","96.2","","","","","82.0","","","","","","","3240"
"Justin Wilson","Tigers","58.2","95.4","94.8","90.4","","","","","81.1","","","89.3","","","4301"
"Jose Valdez","Angels","23.1","95.3","","","","","","84.7","","","","","","","14470"
"Jose Ramirez","Braves","32.2","95.3","","","","","","86.5","","","","85.9","","","10171"
"Jose Fernandez","Marlins","182.1","95.3","93.3","","","","","","83.7","","","88.3","","","11530"
"Tony Zych","Mariners","13.2","95.2","","","","","","81.7","","","","84.2","","","12876"
"Ryan Pressly","Twins","75.1","95.2","94.2","","","","","88.2","82.8","","","","","","7005"
"Cam Bedrosian","Angels","40.1","95.2","","95.0","","","","83.3","","","","","","","13360"
"Mike Foltynewicz","Braves","123.1","95.2","95.0","","","","","84.8","77.6","","","85.2","","","10811"
"J.R. Graham","Twins","1.2","95.2","","","","","","84.3","","","","83.0","","","12042"
"Jose Urena","Marlins","83.2","95.2","94.4","","","","","85.8","83.9","","","89.0","","","11589"
"Branden Pinder","Yankees","1.0","95.2","","","","","","85.9","","","","","","","12093"
"Corey Knebel","Brewers","32.2","95.2","","","","","","","","80.3","","","","","15010"
"Curtis Partch","Pirates","0.2","95.2","","","","","","84.2","","","","84.8","","","1333"
"Gerrit Cole","Pirates","116.0","95.2","95.2","","","","","87.6","81.2","81.0","","88.1","","","13125"
"Tayron Guerrero","Padres","2.0","95.2","","","","","","84.8","","","","","","","11691"
"Ryan Tepera","Blue Jays","18.1","95.2","","89.4","","","","84.6","","","","","","","10291"
"Edubray Ramos","Phillies","40.0","95.2","","","","","","82.6","78.8","","","85.2","","","16086"
"Joely Rodriguez","Phillies","9.2","95.1","94.8","","","","","86.5","","","","","","","11487"
"Alex Meyer","- - -","25.1","95.1","94.8","","","","","","84.3","","","89.7","","","12833"
"Carl Edwards Jr.","Cubs","36.0","95.1","","","","","","","80.7","","","91.7","","","13607"
"Fernando Rodney","- - -","65.1","95.1","94.3","","","","","","","","","82.7","","","494"
"Wade Davis","Royals","43.1","95.0","93.4","91.7","","","","","","83.6","","","","","7441"
"Pat Light","- - -","16.2","95.0","","93.7","85.4","","","90.4","86.2","","","84.5","","","13427"
"Jon Gray","Rockies","168.0","95.0","","","","","","88.2","77.8","","","85.4","","","14916"
"Hansel Robles","Mets","77.2","95.0","93.9","","","","","84.8","","","","88.1","","","11801"
"Wandy Peralta","Reds","7.1","95.0","95.4","","85.0","","95.1","85.4","","","","85.0","","","14295"
"Tommy Hunter","- - -","34.0","95.0","94.2","92.1","","","","","84.6","","","87.4","","","1157"
"Nefi Ogando","Marlins","15.2","95.0","95.0","","","","","88.2","","","","","","","12253"
"Michael Fulmer","Tigers","159.0","94.9","94.5","","","","","87.9","","","","86.1","","","13218"
"Danny Duffy","Royals","179.2","94.9","94.4","","","","","","83.5","","79.1","85.2","","","3542"
"Stephen Strasburg","Nationals","147.2","94.9","94.6","","","","","89.1","81.4","","","88.7","","","10131"
"Michael Feliz","Astros","65.0","94.9","","","","","","82.3","","","","84.3","","","11903"
"Tanner Scheppers","Rangers","8.2","94.9","","","","","","","82.3","","","89.9","","","10267"
"Jake Barrett","Diamondbacks","59.1","94.8","","","84.7","","","86.7","","","","86.5","","","13322"
"Pedro Strop","Cubs","47.1","94.8","95.1","","","","","83.2","","","","88.0","","","4070"
"Perci Garner","Indians","9.1","94.8","","","","","92.8","83.7","81.6","","","","","","10887"
"Dustin McGowan","Marlins","67.0","94.7","94.5","","","","","86.9","","","","87.7","","","8600"
"Bryan Mitchell","Yankees","25.0","94.7","","91.7","","","","","81.5","","","86.9","","","11479"
"Kevin Gausman","Orioles","179.2","94.7","94.2","","84.7","","","79.7","","","","","","","14107"
"Sean Doolittle","Athletics","39.0","94.7","","","84.6","","","","81.4","","","83.6","","","1581"
"Josh Fields","- - -","35.0","94.7","","","","","","83.8","","79.0","","80.5","","","5070"
"Jonathan Broxton","Cardinals","60.2","94.7","92.3","","","","","87.7","77.8","","","","","","4759"
"Danny Salazar","Indians","137.1","94.7","94.4","","","","","84.6","79.8","","","85.8","","","5867"
"Tom Wilhelmsen","- - -","46.1","94.6","95.2","","","","","86.1","76.6","","","87.5","","","9975"
"Johnny Barbato","Yankees","13.0","94.6","","89.8","","","","87.9","78.3","","","","","","11440"
"Aaron Sanchez","Blue Jays","192.0","94.6","94.7","","","","","87.1","78.1","","","88.3","","","11490"
"Josh Osich","Giants","36.1","94.6","95.7","91.0","","","","","","","","84.6","","","11528"
"Rubby de la Rosa","Diamondbacks","50.2","94.6","93.5","","","","","84.2","79.6","","","87.1","","","3862"
"Jacob Barnes","Brewers","26.2","94.6","","93.3","","","","88.2","","","","90.9","","","12323"
"Alex Colome","Rays","56.2","94.6","94.2","88.6","","","","","82.4","","","89.2","","","6661"
"Wily Peralta","Brewers","127.2","94.5","94.7","","","","","84.5","","","","85.0","","","7738"
"Jhan Marinez","- - -","62.1","94.5","94.6","","","","","85.2","85.6","","","","","","5830"
"Luis Cessa","Yankees","70.1","94.5","87.2","","","","","84.5","80.4","","","84.8","","","13345"
"Scott Oberg","Rockies","26.0","94.5","94.1","","","","","85.8","77.7","","","86.3","","","13911"
"Joseph Colon","Indians","10.0","94.5","94.3","93.6","","","","85.2","77.4","","","83.7","","","4920"
"Brad Brach","Orioles","79.0","94.5","93.2","","86.2","","","86.2","","","","","","","6627"
"Matt Harvey","Mets","92.2","94.4","94.9","","","","","88.7","82.0","","","86.9","","","11713"
"Trevor Gott","Nationals","6.0","94.4","","","","","","","78.8","","","92.4","","","15046"
"Chad Green","Yankees","45.2","94.4","93.4","90.3","","","","85.2","83.6","","","86.6","","","15552"
"Luke Hochevar","Royals","37.1","94.4","","88.6","","","94.1","","","78.5","","","","","6943"
"Jose Torres","Padres","3.0","94.3","","","","","","84.7","","","","86.1","","","14957"
"Chris Beck","White Sox","25.1","94.3","93.1","","","","","85.8","","","","87.3","","","13418"
"Adam Ottavino","Rockies","27.0","94.3","93.6","90.2","","","","81.5","","","","87.9","","","1247"
"Andrew Miller","- - -","74.1","94.3","95.6","","","","","83.7","","","","","","","6785"
"Kenley Jansen","Dodgers","68.2","94.3","","93.5","","","","83.0","","","","","","","3096"
"Max Scherzer","Nationals","228.1","94.3","","89.4","","","","86.2","77.9","","","85.2","","","3137"
"Chris Archer","Rays","201.1","94.3","","","","","","88.2","","","","86.8","","","6345"
"Ryan Madson","Athletics","64.2","94.3","93.7","90.7","","","","","","","","83.4","","","1852"
"Austin Brice","Marlins","14.0","94.3","95.3","92.0","","","93.9","86.7","79.8","","","","","","17237"
"Jeff Samardzija","Giants","203.1","94.3","94.4","92.1","85.7","","","85.5","79.7","","","","","","3254"
"Mychal Givens","Orioles","74.2","94.2","","","","","","85.3","","","","85.3","","","10430"
"Jameson Taillon","Pirates","104.0","94.2","94.2","93.8","","","","","80.1","","","86.8","","","11674"
"Joseph Biagini","Blue Jays","67.2","94.2","","93.9","","","","89.4","80.1","","","86.1","","","13194"
"Jose Leclerc","Rangers","15.0","94.2","94.7","95.6","","","","82.4","77.3","","","83.4","","","14524"
"Liam Hendriks","Athletics","64.2","94.2","93.9","","","","","87.9","77.8","","","87.9","","","3548"
"James Pazos","Yankees","3.1","94.2","","","","","95.5","80.7","","","","","","","13323"
"Matt Carasiti","Rockies","15.2","94.2","94.5","92.4","","80.1","","","80.4","","","83.0","","","13276"
"Cody Allen","Indians","68.0","94.2","","","","","","","","83.9","","","","","12183"
"Luis Perdomo","Padres","146.2","94.2","93.7","","","","","","82.9","","","88.7","","","14682"
"Michael Ynoa","White Sox","30.0","94.2","","93.1","","","","87.9","80.2","","","86.3","","","14093"
"Drew VerHagen","Tigers","19.0","94.1","94.5","","","","","","78.3","","","86.6","","","13424"
"Brandon Morrow","Padres","16.0","94.1","","","83.7","","95.8","88.1","","","","","","","9346"
"Zach McAllister","Indians","52.1","94.1","94.7","88.6","","","","81.7","80.4","","","88.1","","","2895"
"Justin Grimm","Cubs","52.2","94.1","94.1","81.6","","","","82.9","82.4","","","","","","11720"
"Madison Younginer","Braves","7.0","94.1","","95.6","","","","80.8","80.4","","","85.1","","","10636"
"Sam Freeman","Brewers","7.2","94.1","94.1","","85.1","","","83.0","81.0","","","","","","6832"
"Robbie Ray","Diamondbacks","174.1","94.1","93.8","","","","","84.2","","","","86.4","","","11486"
"Hector Neris","Phillies","80.1","94.1","94.0","","87.0","","","87.3","","","","87.4","","","11804"
"Juan Minaya","White Sox","10.1","94.0","94.4","92.6","","","","84.4","80.3","","","","","","10341"
"Tyler Thornburg","Brewers","67.0","94.0","","94.4","","","","","78.7","","","85.6","","","10688"
"Tony Cingrani","Reds","63.0","94.0","","","","","","81.9","","","","86.2","","","12555"
"Luke Jackson","Rangers","11.2","94.0","","","","","","","82.9","","","82.2","","","11752"
"David Hernandez","Phillies","72.2","94.0","93.9","","","","","","80.9","","","87.3","","","4259"
"Michael Pineda","Yankees","175.2","94.0","94.6","93.7","","","","85.5","","","","88.5","","","5372"
"Alexi Ogando","Braves","32.0","94.0","93.9","","","","","84.1","","","","85.3","","","10261"
"Jason Motte","Rockies","23.2","94.0","","88.9","","","","","82.6","","","82.2","","","5861"
"Raisel Iglesias","Reds","78.1","94.0","","","","","91.7","82.8","","","","85.0","","","17130"
"Vince Velasquez","Phillies","131.0","94.0","92.0","","","","","84.5","79.8","","","87.3","","","11189"
"Joaquin Benoit","- - -","48.0","93.9","94.6","","","","","86.6","","","","83.9","","","1437"
"Jacob Turner","White Sox","24.2","93.9","94.7","85.5","","","","","80.4","","","87.7","","","10185"
"Bobby Parnell","Tigers","5.1","93.9","","","","","","","","84.3","","","","","9926"
"Taijuan Walker","Mariners","134.1","93.9","94.5","87.9","88.2","","","","76.0","","","","","","11836"
"Jeff Hoffman","Rockies","31.1","93.9","88.6","93.5","","","","83.5","76.6","","","86.4","","","17432"
"Chin-hui Tsao","Dodgers","1.2","93.9","","","","","","89.8","78.2","","","","","","1776"
"Carlos Carrasco","Indians","146.1","93.9","93.7","","","","","87.1","83.4","","","88.9","","","6632"
"Santiago Casilla","Giants","58.0","93.8","93.5","","","","","88.8","","80.5","","87.3","","","2873"
"Andrew Cashner","- - -","132.0","93.8","93.1","","","","","85.6","79.9","","","86.3","","","8782"
"Ross Ohlendorf","Reds","65.2","93.8","87.7","","","","","81.9","78.9","","","86.1","","","8268"
"Heath Hembree","Red Sox","51.0","93.8","","","","","","87.5","79.6","","","87.0","","","11632"
"Kevin McCarthy","Royals","8.1","93.8","93.3","90.0","","","","87.3","","","","85.9","","","15240"
"Trevor May","Twins","42.2","93.8","92.5","","","","","85.7","77.8","","","85.5","","","6398"
"Ian Krol","Braves","51.0","93.8","93.9","","","","","86.8","78.7","","","85.7","","","10066"
"Lance McCullers","Astros","81.0","93.8","","","","","","","","85.1","","89.3","","","14120"
"Matt Strahm","Royals","22.0","93.8","","","83.9","","","78.6","76.5","","","84.6","","","13799"
"Dylan Bundy","Orioles","109.2","93.8","","","","","","75.7","76.5","","","84.8","","","12917"
"Robert Gsellman","Mets","44.2","93.7","93.6","","","","","87.9","81.2","","","86.8","","","13696"
"Bryan Morris","Marlins","17.2","93.7","","88.2","","","93.1","","81.7","","","","","","10234"
"Jesse Hahn","Athletics","46.1","93.7","93.9","","","","","","75.4","","","85.6","","","13287"
"Juan Nicasio","Pirates","118.0","93.7","93.0","","","","","86.4","77.8","","","87.1","","","7731"
"Jason Hursh","Braves","1.1","93.7","91.3","","","","","81.6","80.2","","","80.1","","","14914"
"Dustin Molleken","Tigers","8.1","93.7","","92.3","","","","84.2","83.0","","","82.5","","","6200"
"Justin Verlander","Tigers","227.2","93.7","","","","","","87.9","78.7","","","86.9","","","8700"
"Yu Darvish","Rangers","100.1","93.6","92.6","88.6","86.3","","","81.1","71.4","","","","","","13074"
"David Phelps","Marlins","86.2","93.6","93.0","91.1","","","","88.8","","79.7","","84.8","","","6316"
"Mike Dunn","Marlins","42.1","93.6","93.7","","","","","86.8","74.2","","","","","","9948"
"Carlos Rodon","White Sox","165.0","93.6","93.2","","","","","86.7","","","","83.6","","","16137"
"Gonzalez Germen","Rockies","40.2","93.6","93.5","","","","","86.2","","","","85.8","","","5876"
"Jake Arrieta","Cubs","197.1","93.6","","","","","93.8","89.2","80.6","","","88.6","","","4153"
"Chris Withrow","Braves","37.2","93.6","","87.0","","","","","77.9","","","89.7","","","7161"
"Kevin Jepsen","- - -","49.2","93.6","93.3","","","","","","82.3","","","84.6","","","6475"
"Trevor Williams","Pirates","12.2","93.5","","","","","91.5","84.2","","","","83.6","","","16977"
"Blake Snell","Rays","89.0","93.5","","","","","","82.6","75.9","","","84.9","","","13543"
"Cody Anderson","Indians","60.2","93.5","","90.4","","","","","81.4","","","85.4","","","12799"
"German Marquez","Rockies","20.2","93.5","92.2","92.3","","","","","78.4","","","82.7","","","15038"
"Severino Gonzalez","Phillies","35.1","93.5","","84.0","","","90.0","","80.7","","","86.0","","","14697"
"Tyler Glasnow","Pirates","23.1","93.5","","","","","","","79.2","","","88.9","","","14374"
"Mike Wright","Orioles","74.2","93.5","91.7","","","","","83.2","78.6","","76.7","80.5","","","12586"
"Rob Scahill","- - -","34.2","93.5","93.1","","","","","88.5","80.4","","","88.2","","","9286"
"Eduardo Rodriguez","Red Sox","107.0","93.4","93.2","","","","","85.7","","","","87.3","","","13164"
"Colton Murray","Phillies","31.2","93.4","","","","","","86.4","81.2","","","86.2","","","12264"
"Joba Chamberlain","Indians","20.0","93.4","91.5","","","","","85.1","79.8","","","","","","2692"
"Felix Pena","Cubs","9.0","93.4","92.1","92.4","","","","81.2","80.0","","","81.1","","","13403"
"Bud Norris","- - -","113.0","93.4","93.6","88.2","","","","85.3","","","","84.8","","","9492"
"Jake McGee","Rockies","45.2","93.4","94.0","","","","","89.5","75.9","","","","","","7550"
"Jacob deGrom","Mets","148.0","93.4","93.3","","","","","88.6","80.4","","","85.5","","","10954"
"Jose Berrios","Twins","58.1","93.4","93.2","","","","","","80.9","","","84.6","","","14168"
"Michael Blazek","Brewers","41.1","93.3","92.0","","","","","83.3","76.8","","","","","","9654"
"Shane Greene","Tigers","60.1","93.3","93.8","","","","","87.5","80.9","","","86.0","","","10756"
"Jim Henderson","Mets","35.0","93.3","","","","","","84.0","","","","","","","6653"
"Edinson Volquez","Royals","189.1","93.3","","","","","93.1","","","80.0","","83.4","","","3990"
"Kevin Siegrist","Cardinals","61.2","93.3","92.7","","","","","","73.5","","","85.1","","","8180"
"Anthony Swarzak","Yankees","31.0","93.3","93.8","","","","","86.6","","","","","","","7466"
"Gabriel Ynoa","Mets","18.1","93.3","92.0","","","","93.3","84.9","80.3","","","85.5","","","12938"
"Brock Stewart","Dodgers","28.0","93.3","92.2","","","","","85.7","","","","81.1","","","16727"
"Michael Wacha","Cardinals","138.0","93.3","","89.8","","","","","74.6","","","85.0","","","14078"
"Frank Herrmann","Phillies","15.0","93.3","93.9","","90.3","","","85.2","80.6","","","85.8","","","7960"
"Lucas Giolito","Nationals","21.1","93.3","94.8","","","","","84.8","80.1","","","83.5","","","15474"
"Robbie Ross Jr.","Red Sox","55.1","93.3","92.5","90.3","","","","87.1","79.0","","","88.9","","","6819"
"David Goforth","Brewers","10.2","93.2","92.7","","","","","88.5","80.3","","","","","","12166"
"Michael Mariot","Phillies","21.2","93.2","92.7","","","","","82.2","74.2","","","85.4","","","10835"
"Mike Clevinger","Indians","53.0","93.2","94.7","92.4","","","","83.4","74.5","","","86.7","","","12808"
"Casey Fien","- - -","39.1","93.2","93.0","","","","","88.6","79.3","","","","","","3926"
"Dayan Diaz","Reds","6.2","93.2","92.9","","","","","86.1","","","","86.0","","","11543"
"Trevor Bauer","Indians","190.0","93.2","93.2","88.8","","","","","76.9","","","86.4","","","12703"
"Jordan Lyles","Rockies","58.2","93.2","92.5","","","","","88.9","78.1","","","83.4","","","7593"
"Homer Bailey","Reds","23.0","93.2","92.3","","","","","87.3","","78.0","","86.7","","","8362"
"Mike Montgomery","- - -","100.0","93.1","","87.1","","","","","77.0","","","83.2","","","4869"
"Robert Stephenson","Reds","37.0","93.1","","","","","","","81.1","","","85.2","","","13594"
"Phil Coke","- - -","10.0","93.1","91.3","","","","","80.2","","","","87.0","","","5535"
"Kirby Yates","Yankees","41.1","93.1","","","","","","84.4","","77.8","","84.0","","","9073"
"James Hoyt","Astros","22.0","93.1","94.3","","","","","86.0","84.9","","","88.6","","","14605"
"Jonathan Aro","Mariners","0.2","93.1","","","","","","","","","","82.5","","","14699"
"Junior Guerra","Brewers","121.2","93.1","94.3","","85.1","","","83.5","81.9","","","","","","5702"
"Eddie Butler","Rockies","64.0","93.1","92.7","","","","","86.9","79.5","","","87.7","","","13453"
"Justin Miller","Rockies","42.2","93.1","","","","","","85.1","","","","87.6","","","8580"
"Mike Broadway","Giants","5.1","93.1","","","","","","83.4","","","","","","","9894"
"Mike Mayers","Cardinals","5.1","93.1","92.2","87.2","","","","85.0","","","","85.1","","","15451"
"Brandon McCarthy","Dodgers","40.0","93.1","","91.0","","","91.5","","80.0","","","","","","4662"
"Jim Johnson","Braves","64.2","93.1","93.3","","","","","","79.1","","","87.8","","","3656"
"Dalier Hinojosa","Phillies","11.0","93.1","93.2","","","","","85.5","","","","87.3","","","15671"
"Raul Alcantara","Athletics","22.1","93.1","92.9","","","","","87.0","81.8","","","84.8","","","12790"
"Chad Kuhl","Pirates","70.2","93.0","","","","","92.7","86.6","","","","85.1","","","14975"
"Boone Logan","Rockies","46.1","93.0","93.0","","","","","83.3","","","","86.1","","","5525"
"Jared Hughes","Pirates","59.1","93.0","","","","","93.0","85.6","","","","87.6","","","9325"
"Keyvius Sampson","Reds","39.1","93.0","","","","","","86.3","76.4","","","84.9","","","10039"
"Andrew Chafin","Diamondbacks","22.2","93.0","","","","","92.7","82.2","","","","85.3","","","12988"
"J.B. Wendelken","Athletics","12.2","93.0","","92.1","","","","","79.4","","","82.3","","","14506"
"Chris Bassitt","Athletics","28.0","93.0","","","","","92.2","84.9","71.6","","","82.8","","","12304"
"Clayton Kershaw","Dodgers","149.0","93.0","","","","","","87.8","73.0","","","90.3","","","2036"
"Evan Marshall","Diamondbacks","15.1","93.0","93.6","","","","","84.5","","","","86.3","","","12297"
"Logan Ondrusek","Orioles","6.1","93.0","","89.7","","","92.1","","76.2","","","80.6","","","3677"
"Carlos Frias","Dodgers","4.0","93.0","92.0","88.8","","","","","79.3","","","85.7","","","3547"
"Daniel Norris","Tigers","69.1","93.0","","","","","","86.7","76.2","","","85.9","","","13475"
"Jimmy Nelson","Brewers","179.1","92.9","","","","","93.1","86.9","","82.6","","85.7","","","10547"
"Fernando Rodriguez","Athletics","40.2","92.9","","89.4","","","","","78.3","","","88.0","","","7558"
"David Price","Red Sox","230.0","92.9","92.8","88.1","","","","","","79.0","","84.4","","","3184"
"Will Harris","Astros","64.0","92.9","","92.3","","","","","81.9","","","","","","3192"
"Ashur Tolliver","Orioles","4.2","92.9","81.3","","83.3","","","81.3","","","","82.7","","","10044"
"Shawn Tolleson","Rangers","36.1","92.9","91.7","88.6","","","","84.0","","","","82.1","","","10481"
"Chaz Roe","- - -","29.2","92.9","92.5","","","","","84.0","82.0","","","","","","9866"
"Nate Karns","Mariners","94.1","92.9","","","","","","","","81.4","","86.2","","","12638"
"Adam Warren","- - -","65.1","92.9","92.6","91.1","","","","87.1","79.5","","","84.6","","","9029"
"Ariel Miranda","- - -","58.0","92.9","91.1","","83.2","","","80.6","81.1","","","81.2","","","17526"
"Martin Perez","Rangers","198.2","92.9","92.5","","","","","85.2","80.1","","","84.3","","","6902"
"Anthony DeSclafani","Reds","123.1","92.9","92.6","","","","","87.2","","80.9","","85.5","","","13050"
"Dominic Leone","Diamondbacks","27.0","92.9","93.1","88.9","","","","82.8","","","","","","","13763"
"Steve Delabar","Reds","8.0","92.9","","","","","","86.6","65.8","","","85.2","","","11827"
"Shelby Miller","Diamondbacks","101.0","92.9","93.2","88.2","","","","","79.1","","","85.8","","","10197"
"Blake Smith","White Sox","4.1","92.9","94.1","90.1","","","","86.0","74.5","","","86.4","","","9780"
"Sonny Gray","Athletics","117.0","92.9","92.6","90.2","","","","85.1","80.7","","","88.0","","","12768"
"Cody Reed","Reds","47.2","92.8","","89.6","","","","87.8","","","","86.1","","","15232"
"Dario Alvarez","- - -","26.2","92.8","93.2","84.5","","","","","82.6","","","","","","14239"
"Brad Hand","Padres","89.1","92.8","92.8","","","","","84.7","81.5","","","86.6","","","9111"
"Yimi Garcia","Dodgers","8.1","92.8","90.6","92.1","","","","82.3","","","","85.7","","","12095"
"Seung Hwan Oh","Cardinals","79.2","92.8","91.1","","","","","85.7","73.6","","","82.8","","","18719"
"Derek Law","Giants","55.0","92.8","","92.3","","","","84.5","77.4","","","82.8","","","13133"
"Buck Farmer","Tigers","29.1","92.8","91.6","87.6","","","","","80.9","","","85.7","","","14814"
"Matt Magill","Reds","4.1","92.8","","89.8","","","","84.0","","","","86.0","","","3950"
"Matt Wisler","Braves","156.2","92.8","92.7","","","","","82.0","76.9","","","87.0","","","12804"
"Matt Moore","- - -","198.1","92.8","92.5","90.1","","","","","","81.3","","84.2","","","1890"
"Rafael Montero","Mets","19.0","92.8","91.8","","","","","83.1","","","","85.2","","","12760"
"Junichi Tazawa","Red Sox","49.2","92.8","91.6","","","87.0","","80.1","75.6","","","","","","4079"
"Cody Hall","Marlins","3.0","92.8","","","","","","86.9","","","","81.9","","","12232"
"Gavin Floyd","Blue Jays","31.0","92.8","93.3","87.2","","","","","81.0","","","86.8","","","3886"
"Joe Ross","Nationals","105.0","92.8","","","","","92.6","83.7","","","","87.0","","","12972"
"Ivan Nova","- - -","162.0","92.8","92.5","","","","","87.0","80.0","","","86.3","","","1994"
"Marcus Stroman","Blue Jays","204.0","92.7","92.3","89.4","","","","84.9","80.8","","","84.5","","","13431"
"Carson Fulmer","White Sox","11.2","92.7","","88.7","","","","","80.8","","","86.0","","","18311"
"Roenis Elias","Red Sox","7.2","92.7","92.4","","","","","","76.6","","","84.9","","","12673"
"Tyler Skaggs","Angels","49.2","92.7","92.3","","","","","","76.1","","","85.9","","","10190"
"Jesse Chavez","- - -","67.0","92.7","92.8","90.9","","","","83.7","77.5","","","85.8","","","5448"
"Hunter Cervenka","- - -","43.1","92.7","","86.9","","","","87.9","79.1","","","","","","10510"
"Zach Eflin","Phillies","63.1","92.7","91.7","","","","","83.4","75.2","","","86.2","","","13774"
"Silvino Bracho","Diamondbacks","24.2","92.7","93.0","","","","","81.7","","","","83.5","","","15051"
"Ervin Santana","Twins","181.1","92.7","91.9","","","","","83.4","","","","84.8","","","3200"
"Danny Farquhar","Rays","35.1","92.7","91.4","90.0","","","","","75.3","","","86.7","","","8501"
"Leonel Campos","Padres","22.0","92.6","93.3","","","","","85.8","","","","86.0","","","12277"
"Shawn Armstrong","Indians","10.2","92.6","","87.8","","","","","","","","","","","12857"
"David Robertson","White Sox","62.1","92.6","","91.7","","","","","","82.2","","88.8","","","8241"
"Brooks Pounders","Royals","12.2","92.6","93.3","90.6","","","","85.9","74.9","","","85.6","","","10387"
"Tony Barnette","Rangers","60.1","92.6","","87.9","87.9","","92.0","86.7","78.7","","","87.5","","","3555"
"Javy Guerra","Angels","6.1","92.6","","90.7","","","","86.0","76.6","","","83.6","","","7407"
"Brandon Cunniff","Braves","17.0","92.6","92.7","","","","","85.2","","","","81.3","","","11509"
"Jonathan Holder","Yankees","8.1","92.5","","90.8","","","","87.5","75.7","","","","","","16588"
"Julio Urias","Dodgers","77.0","92.5","","","","","","84.8","75.9","","","80.0","","","14765"
"Kendry Flores","Marlins","3.0","92.5","91.3","85.8","","","","","75.1","","","83.1","","","12118"
"Seth Lugo","Mets","64.0","92.5","91.8","88.4","","","","86.6","78.0","","","85.7","","","12447"
"Steve Hathaway","Diamondbacks","14.2","92.5","88.8","","84.1","","","76.4","76.5","","","84.2","","","15293"
"Brian Flynn","Royals","55.1","92.5","92.4","","","","","85.4","75.6","","","83.7","","","12027"
"Mark Lowe","Tigers","49.1","92.5","92.3","","","","","84.6","","","","88.7","","","7416"
"Joakim Soria","Royals","66.2","92.5","","92.0","","","","80.4","71.4","","","86.3","","","6941"
"Daniel Webb","White Sox","1.0","92.5","92.6","","","","","85.0","","","","85.7","","","10558"
"Trevor Cahill","Cubs","65.2","92.4","","","","","91.9","85.7","","79.4","","83.6","","","6249"
"Addison Reed","Mets","77.2","92.4","","91.7","","","","85.9","","","","85.4","","","10586"
"Vin Mazzaro","Giants","1.0","92.4","92.1","","","","","84.9","","","","87.3","","","5231"
"Randall Delgado","Diamondbacks","75.0","92.4","91.6","","","","","81.9","77.2","","","84.8","","","5985"
"Ryan Garton","Rays","39.1","92.4","","88.6","","","","89.5","80.0","","","84.8","","","14016"
"Shawn Kelley","Nationals","58.0","92.4","","","","","","83.0","","","","","","","7773"
"Steve Geltz","Rays","26.2","92.4","","","83.4","","","80.8","","","","","","","8402"
"Matt Purke","White Sox","18.0","92.4","92.3","","86.3","","","79.6","79.6","","","85.8","","","12831"
"Francisco Liriano","- - -","163.0","92.4","92.7","","","","","85.3","76.6","","","85.3","","","3201"
"Taylor Rogers","Twins","61.1","92.4","92.5","","","","","77.2","77.8","","","89.3","","","13449"
"Caleb Cotham","Reds","24.1","92.3","","91.9","","","","86.8","77.8","","","","","","10075"
"Paul Clemens","- - -","71.1","92.3","91.7","","","","","","74.2","","","82.8","","","8037"
"Jason Grilli","- - -","59.0","92.3","91.9","","","","","80.5","","","","84.3","","","521"
"Archie Bradley","Diamondbacks","141.2","92.3","","","","","","","","79.9","","85.6","","","12918"
"Jharel Cotton","Athletics","29.1","92.3","91.8","","","","","88.7","77.7","","","77.1","","","13654"
"Spencer Patton","Cubs","21.1","92.3","91.0","","","","","84.0","","","","83.6","","","12361"
"Drew Storen","- - -","51.2","92.3","","","","","91.5","81.3","","","","84.6","","","6983"
"Jerry Blevins","Mets","42.0","92.3","","","","","89.2","87.8","70.7","","","83.2","","","7841"
"Christopher Devenski","Astros","108.1","92.3","","","","","","81.8","75.0","75.8","","80.9","","","12763"
"Alfredo Simon","Reds","58.2","92.3","92.4","88.6","84.8","","","","76.6","","66.7","","","","2155"
"Jarred Cosart","- - -","57.0","92.3","","91.8","","","92.8","","","77.4","","81.1","","","10304"
"Andrew Faulkner","Rangers","6.2","92.3","","","","","","86.5","82.4","","","86.5","","","12982"
"Sean Manaea","Athletics","144.2","92.3","","","","","","80.0","","","","84.6","","","15873"
"Matt Garza","Brewers","101.2","92.2","92.1","","","","","82.8","75.0","","","85.1","","","3340"
"Dylan Floro","Rays","15.0","92.2","92.1","91.9","","","92.8","86.5","79.3","","","86.9","","","13394"
"Dustin Antolin","Blue Jays","2.0","92.2","","91.5","","","","85.3","","","","82.6","","","7119"
"Mayckol Guaipe","Mariners","7.1","92.2","92.6","","","","","82.2","","","","85.6","","","11663"
"Mike Pelfrey","Tigers","119.0","92.2","","","81.2","","92.8","83.8","72.9","","","","","","5203"
"Ross Detwiler","- - -","48.2","92.2","","","","","91.2","77.7","","","","85.2","","","2859"
"Ryan Buchter","Padres","63.0","92.2","","88.4","","","","85.4","79.5","","","86.8","","","9456"
"Grant Dayton","Dodgers","26.1","92.2","91.6","","","","","83.1","74.8","","","83.8","","","11203"
"Nick Wittgren","Marlins","51.2","92.2","","91.2","","","","81.1","80.3","","","85.2","","","15594"
"Daniel Mengden","Athletics","72.0","92.2","90.4","","","","","86.9","74.9","","","81.3","","","16980"
"Tanner Roark","Nationals","210.0","92.1","92.0","","","","","85.3","77.2","","","83.7","","","8753"
"Corey Kluber","Indians","215.0","92.1","","","","","92.5","88.9","83.4","","","85.3","","","2429"
"Luis Avilan","Dodgers","19.2","92.1","91.8","89.4","","","","","75.7","","","81.8","","","2882"
"Clay Buchholz","Red Sox","139.1","92.1","92.0","88.6","86.3","","","","77.9","","","80.8","","","3543"
"Christian Bethancourt","Padres","1.2","92.1","93.3","87.8","","","","","","","","81.8","","58.0","10028"
"Blake Parker","- - -","17.1","92.1","92.7","","81.3","","","","77.3","","","","","","5224"
"Elvis Araujo","Phillies","27.1","92.1","","","","","","84.2","","","","87.0","","","12854"
"Daniel Winkler","Braves","2.1","92.1","","88.6","","","","87.1","80.5","","","90.4","","","12237"
"Andrew Bailey","- - -","43.2","92.1","","84.8","85.2","","","","77.6","","","87.7","","","1368"
"Al Alburquerque","Angels","2.0","92.1","90.9","","","","","84.9","","","","","","","6324"
"Matt Albers","White Sox","51.1","92.1","","","","","92.0","86.2","79.7","","","83.7","","","4300"
"Matt Bowman","Cardinals","67.2","92.0","91.5","","","","","86.6","","","","81.2","","","13528"
"Ian Kennedy","Royals","195.2","92.0","92.7","","","","","85.9","","77.3","","83.9","","","6986"
"Tyler Chatwood","Rockies","158.0","92.0","92.0","86.4","","","","85.7","76.5","","","85.3","","","4338"
"Drew Hutchison","- - -","24.0","92.0","92.2","","","","","84.3","","","","85.0","","","10732"
"Brad Boxberger","Rays","24.1","92.0","","85.2","","","","","81.3","","","79.2","","","10133"
"Jon Lester","Cubs","202.2","92.0","","88.3","","","91.0","","74.6","","","84.8","","","4930"
"Jose Quintana","White Sox","208.0","92.0","92.0","","","","","","77.6","","","86.0","","","11423"
"Jake Smith","Padres","4.0","92.0","","89.2","","","","88.0","80.1","","","85.5","","","14379"
"Tyler Danish","White Sox","1.2","92.0","91.5","","","","","80.8","","","","82.3","","","15126"
"David Paulino","Astros","7.0","92.0","","","","","","78.8","75.5","","","84.1","","","17418"
"Johnny Cueto","Giants","219.2","92.0","91.4","87.6","","","","83.6","73.5","","","82.6","","","6893"
"Masahiro Tanaka","Yankees","199.2","92.0","","88.9","86.6","","90.4","83.9","75.6","","","","","","15764"
"Brandon Kintzler","Twins","54.1","92.0","","","","","92.6","85.3","","","","87.0","","","9939"
"Warwick Saupold","Tigers","9.2","92.0","90.1","87.9","","","","86.7","81.3","","","85.0","","","13211"
"Jason Hammel","Cubs","166.2","92.0","92.2","","","","","84.9","76.8","","","84.7","","","4538"
"Matt Koch","Diamondbacks","18.0","92.0","91.8","87.8","","","","88.9","80.0","","","84.8","","","13420"
"Tyson Ross","Padres","5.1","91.9","92.2","90.6","","","","85.1","","","","81.9","","","7872"
"Neil Ramirez","- - -","24.0","91.9","","","","","","85.2","77.4","","","84.1","","","7677"
"Will Smith","- - -","40.1","91.9","90.5","","","","","80.3","76.6","","","","","","8048"
"Matt Marksberry","Braves","3.1","91.9","","","","","","78.7","","","","","","","15089"
"Oliver Perez","Nationals","40.0","91.9","","","","","91.2","79.0","","","","84.0","","","1514"
"Brian Duensing","Orioles","13.1","91.9","","","","","91.9","80.8","72.6","","","85.1","","","4064"
"Erik Goeddel","Mets","35.2","91.9","","87.6","","","","84.1","76.1","","","83.8","","","11712"
"Albert Suarez","Giants","84.0","91.9","","93.0","","","92.0","78.1","74.7","","","83.3","","","6175"
"Abel De Los Santos","Reds","5.2","91.9","92.4","","","","","81.5","75.7","","","82.4","","","12962"
"Yohander Mendez","Rangers","3.0","91.9","92.9","","83.8","","91.0","84.1","78.7","","","84.9","","","14391"
"Brad Peacock","Astros","31.2","91.9","","","","","","80.2","","76.4","","80.6","","","5401"
"Luke Weaver","Cardinals","36.1","91.9","91.1","87.7","","","","","79.6","","","83.3","","","16918"
"A.J. Ramos","Marlins","64.0","91.9","91.0","90.7","","","","80.0","75.4","","","85.2","","","8350"
"Tom Koehler","Marlins","176.2","91.8","92.1","","","","","85.4","","78.6","","84.6","","","6570"
"Steven Okert","Giants","14.0","91.8","92.0","87.9","","","","82.2","","","","84.3","","","13580"
"Jordan Zimmermann","Tigers","105.1","91.8","91.7","","","","","87.1","80.0","","","87.1","","","4505"
"Conor Mullee","Yankees","3.0","91.8","90.7","","","","","83.4","81.6","","","86.0","","","11580"
"Brandon Finnegan","Reds","172.0","91.8","","","","","91.7","83.4","","","","85.0","","","16208"
"John Gant","Braves","50.0","91.8","","88.2","","","","","75.2","","","80.3","","","13684"
"John Lackey","Cubs","188.1","91.8","91.6","83.4","","","","","78.3","","","84.2","","","1507"
"T.J. McFarland","Orioles","24.2","91.8","91.6","","","","","79.7","","","","84.1","","","3237"
"Edwin Escobar","Diamondbacks","23.2","91.8","89.3","","","","","","80.2","","","82.4","","","10337"
"Blaine Boyer","Brewers","66.0","91.8","92.1","","","","","86.5","74.6","","","87.8","","","2237"
"J.A. Happ","Blue Jays","195.0","91.8","90.9","","","","","85.0","78.5","","","83.8","","","7410"
"Carlos Torres","Brewers","82.1","91.8","91.6","89.8","","","","","80.5","","","85.6","","","7624"
"Alex Wilson","Tigers","73.0","91.8","91.9","90.1","","","","86.9","81.9","","","88.4","","","9239"
"Mark Melancon","- - -","71.1","91.8","","90.9","84.5","","","","","81.1","","","","","4264"
"Alec Mills","Royals","3.1","91.8","91.9","","","","","78.7","78.8","","","80.2","","","13834"
"Matt Andriese","Rays","127.2","91.8","90.7","87.1","","","","84.7","80.0","","","86.0","","","12022"
"Cory Rasmus","Angels","24.2","91.7","91.4","","","","","84.5","74.4","","","85.0","","","2413"
"Chris Tillman","Orioles","172.0","91.7","","91.4","","","","85.6","","75.3","","83.9","","","5279"
"Adam Liberatore","Dodgers","42.2","91.7","91.4","91.2","","","","84.6","","","","85.7","","","10637"
"Colin Rea","- - -","102.2","91.7","91.9","87.5","84.5","","","","78.1","","","","","","12317"
"Odrisamer Despaigne","- - -","30.1","91.7","","89.7","","","93.0","87.3","79.6","","","78.4","","","16017"
"Joel De La Cruz","Braves","62.2","91.7","","","","","91.3","85.8","","","","84.5","","","12825"
"Edwin Jackson","- - -","84.0","91.7","90.8","","","","","86.0","78.1","","","88.2","","","1841"
"Keith Hessler","- - -","21.2","91.7","","","","","","83.0","","","","90.3","","","12220"
"Joe Musgrove","Astros","62.0","91.7","","92.6","","","90.3","81.7","78.9","","","82.3","","","12970"
"Danny Barnes","Blue Jays","13.2","91.7","91.6","90.9","","","","82.5","","","","80.7","","","11388"
"Chad Bettis","Rockies","186.0","91.7","90.9","","","","","85.4","74.7","","","86.0","","","10587"
"Arnold Leon","Blue Jays","2.1","91.6","","","","","","85.0","73.3","","","83.4","","","5595"
"J.J. Hoover","Reds","18.2","91.6","","","","","","84.1","75.7","","","86.2","","","9037"
"Cory Luebke","Pirates","8.2","91.6","91.3","","","","","82.8","80.0","","","85.1","","","1984"
"Jose De Leon","Dodgers","17.0","91.6","","","","","","82.3","76.5","","","81.6","","","15463"
"Marc Rzepczynski","- - -","47.2","91.6","","","","","91.2","83.1","","","","85.6","","","6612"
"Matt Shoemaker","Angels","160.0","91.6","91.1","","","","","82.3","","74.9","","84.3","","","4776"
"Alex Wimmers","Twins","17.1","91.6","","87.3","","","","88.3","75.0","","","85.1","","","11394"
"Parker Bridwell","Orioles","3.1","91.6","","90.8","","","","83.4","","","","84.1","","","11502"
"Chi Chi Gonzalez","Rangers","10.1","91.6","91.2","","","","","86.2","79.6","","","85.8","","","14663"
"Braden Shipley","Diamondbacks","70.0","91.6","90.6","","","","","","79.8","","","84.6","","","15158"
"Kelvin Marte","Pirates","3.1","91.6","87.4","","","","","82.7","","","","84.8","","","5200"
"Charlie Morton","Phillies","17.1","91.6","93.3","","85.6","","","","80.7","","","","","","4676"
"Patrick Corbin","Diamondbacks","155.2","91.5","91.7","","","","","80.4","","","","84.7","","","9323"
"Cole Hamels","Rangers","200.2","91.5","92.6","88.2","","","","","79.3","","","84.2","","","4972"
"Brett Cecil","Blue Jays","36.2","91.5","","89.3","","","91.8","","83.8","","","84.0","","","2660"
"Tyler Cravy","Brewers","28.1","91.5","89.6","","","","","83.8","77.9","","","84.0","","","10770"
"Jeff Locke","Pirates","127.1","91.5","91.3","","","","91.5","","","79.1","","82.3","","","2929"
"Chasen Shreve","Yankees","33.0","91.5","","","","","","80.8","","","","82.1","","","10855"
"Antonio Bastardo","- - -","67.2","91.5","91.8","","","","","83.0","","","","85.0","","","8844"
"Lucas Harrell","- - -","47.0","91.4","91.5","","","","","86.6","81.2","","","83.7","","","7541"
"Nick Martinez","Rangers","38.2","91.4","91.5","","","","","85.0","77.6","","","84.9","","","12730"
"Rick Porcello","Red Sox","223.0","91.4","89.5","","","","","85.1","73.7","","","80.8","","","2717"
"Clayton Richard","- - -","67.2","91.4","90.6","","","","","84.5","80.9","","","83.9","","","3551"
"Scott Kazmir","Dodgers","136.1","91.4","91.4","87.3","","","","80.8","77.0","","","76.6","","","4897"
"Glen Perkins","Twins","2.0","91.4","91.0","","","","","80.4","","","","","","","8041"
"Gerardo Concepcion","Cubs","2.1","91.4","91.0","","","","","75.8","76.0","","","83.7","","","14411"
"Ariel Pena","Brewers","1.2","91.4","91.8","","","","","83.0","","","","83.4","","","10240"
"Tyler Sturdevant","Rays","18.1","91.4","87.3","87.6","","","","85.4","79.1","","","85.2","","","6780"
"Erasmo Ramirez","Rays","90.2","91.4","91.0","","","","","85.7","78.7","","","81.5","","","10314"
"Jake Odorizzi","Rays","187.2","91.3","91.8","86.4","84.7","","","82.4","71.4","","","","","","6397"
"Tim Melville","Reds","9.0","91.3","","","","","","84.7","80.2","","","85.0","","","9149"
"Ty Blach","Giants","17.0","91.3","90.2","","82.6","","","81.2","76.8","","","81.2","","","14361"
"Daniel Stumpf","Phillies","5.0","91.3","82.3","","84.2","","","82.3","","","","85.6","","","13780"
"Joe Nathan","- - -","6.1","91.3","90.9","","","","","85.6","80.8","","","84.6","","","1122"
"Zack Greinke","Diamondbacks","158.2","91.3","90.7","","","","","85.3","74.4","","","87.5","","","1943"
"Steve Cishek","Mariners","64.0","91.3","","","","","91.4","78.5","","","","83.1","","","6483"
"Chris Stratton","Giants","10.0","91.3","91.4","91.5","","","","82.8","76.3","","","83.7","","","13761"
"Brett Anderson","Dodgers","11.1","91.3","91.5","","","","","82.3","","77.1","","83.5","","","8223"
"Kendall Graveman","Athletics","186.0","91.3","","87.7","","","92.7","79.7","","","","85.0","","","15514"
"Miguel Gonzalez","White Sox","135.0","91.3","91.7","","","","","86.7","77.2","","","84.3","","","7024"
"Kyle Gibson","Twins","147.1","91.2","90.7","","","","","84.3","80.7","","","82.6","","","10123"
"Matt Thornton","Padres","17.0","91.2","91.5","87.1","","","","83.6","","","","","","","1918"
"Phil Klein","- - -","19.1","91.2","91.8","","","","","85.4","80.0","","","85.9","","","12675"
"Drew Pomeranz","- - -","170.2","91.2","87.2","85.2","","","","","","79.2","","85.3","","","11426"
"Mike Morin","Angels","55.2","91.2","91.3","","","","94.5","81.1","","","","71.9","","","13442"
"Tyrell Jenkins","Braves","52.0","91.2","88.9","","","","","80.1","78.6","","","82.1","","","11378"
"Adrian Sampson","Mariners","4.2","91.2","","","","","","85.8","","","","87.7","","","13339"
"Matt Boyd","Tigers","97.1","91.2","","87.3","","","","83.2","73.7","","","79.4","","","15440"
"Chien-Ming Wang","Royals","53.1","91.1","","","80.2","","91.5","84.3","76.9","","","","","","2074"
"Eric O'Flaherty","Braves","28.2","91.1","","","","","90.4","83.4","","","","85.8","","","5746"
"Jake Thompson","Phillies","53.2","91.1","90.7","","","","","83.0","81.9","","","83.4","","","14371"
"David Rollins","Mariners","9.1","91.1","","","","","","81.9","","","","84.8","","","11928"
"Adam Conley","Marlins","133.1","91.1","","","","","","85.0","","","","82.9","","","14457"
"Tyler Clippard","- - -","63.0","91.1","","","81.7","","","","74.6","","","79.1","","","5640"
"Zack Godley","Diamondbacks","74.2","91.1","","89.5","","","90.6","","81.7","","","82.8","","","14862"
"George Kontos","Giants","53.1","91.1","90.8","87.4","","","","83.8","78.2","","","85.0","","","9486"
"Fernando Abad","- - -","46.2","91.1","91.0","82.2","","","","","","76.4","","72.9","","","4994"
"Matt Dermody","Blue Jays","3.0","91.1","90.9","","","","","84.2","","","","87.3","","","14844"
"Gio Gonzalez","Nationals","177.1","91.0","90.5","","","","","","77.2","","","83.8","","","7448"
"Julio Teheran","Braves","188.0","91.0","89.6","","","","","81.1","71.9","","","82.2","","","6797"
"Anibal Sanchez","Tigers","153.1","91.0","","90.8","84.1","","91.2","84.9","77.9","","","71.3","","","3284"
"Joe Blanton","Dodgers","80.0","91.0","","","","","91.3","86.1","79.9","","","86.1","","","4849"
"Steven Brault","Pirates","33.1","91.0","","","","","","83.3","","","","84.7","","","15291"
"Anthony Ranaudo","- - -","31.1","91.0","","","","","","82.8","79.6","","","84.4","","","11424"
"Chase Anderson","Brewers","151.2","91.0","91.1","87.7","","","","","76.6","","","81.7","","","6895"
"Adam Loewen","Diamondbacks","6.0","90.9","90.7","","","","","","82.9","","","85.5","","","2134"
"David Huff","Angels","5.1","90.9","","88.5","","","","79.5","77.5","","","81.2","","","4257"
"Fernando Salas","- - -","73.2","90.9","92.3","","","","","","","83.5","","85.6","","","4971"
"Zac Curtis","Diamondbacks","13.1","90.9","86.3","","","","","83.0","","","","86.3","","","16684"
"Tim Adleman","Reds","69.2","90.9","90.8","92.4","","","","","75.5","","","84.8","","","10968"
"Jonathan Papelbon","Nationals","35.0","90.9","92.2","","85.9","","","79.7","","","","","","","5975"
"A.J. Cole","Nationals","38.1","90.9","90.7","","","","","82.1","74.7","","","83.8","","","11467"
"Drew Hayes","Reds","9.2","90.9","","91.2","","","","82.7","83.5","","","82.7","","","10528"
"Jerad Eickhoff","Phillies","197.1","90.9","91.2","","","","","81.9","75.0","","","84.1","","","12664"
"Aaron Blair","Braves","70.0","90.9","90.7","","","","","","78.2","","","84.6","","","14934"
"Nick Goody","Yankees","29.0","90.9","","","","","","82.2","","","","86.4","","","13685"
"Dan Jennings","White Sox","60.2","90.9","90.7","","","","","83.1","","","","","","","8073"
"Matt Belisle","Nationals","46.0","90.8","90.6","","","","","85.9","74.8","","","87.2","","","1837"
"Jose Alvarez","Angels","57.1","90.8","89.8","","","","","85.0","77.2","","","79.8","","","5358"
"Josh Edgin","Mets","10.1","90.8","89.5","","","","","86.8","78.5","","","85.1","","","10796"
"Tyler Anderson","Rockies","114.1","90.8","83.2","86.4","83.5","","","84.5","76.3","","","81.3","","","12880"
"Kris Medlen","Royals","24.1","90.8","90.7","","","","","84.8","77.6","","","85.0","","","9417"
"Jon Moscot","Reds","21.1","90.8","90.2","","","","","82.5","77.1","","","82.0","","","13849"
"Adam Plutko","Indians","3.2","90.8","","91.2","","","","82.9","76.5","","","82.8","","","15846"
"Tony Sipp","Astros","43.2","90.8","90.7","","","","","80.1","","","","77.4","","","8280"
"Sean O'Sullivan","Red Sox","21.1","90.8","","","","","89.5","80.6","72.7","","","83.3","","","9137"
"Joe Wieland","Mariners","5.0","90.8","","","","","","","75.8","","","85.3","","","6109"
"Mat Latos","- - -","70.0","90.8","90.0","90.4","80.8","","","85.9","75.3","","","85.9","","","3815"
"Josh Smith","Reds","59.2","90.8","88.2","","","","","84.8","78.0","","","81.5","","","10946"
"Ryan Dull","Athletics","74.1","90.8","","","","","","82.9","75.0","","","83.3","","","13974"
"Tyler Lyons","Cardinals","48.0","90.7","89.8","","","","","80.5","78.0","","","84.4","","","11334"
"Wilfredo Boscan","Pirates","15.1","90.7","90.0","","","","","76.4","75.5","","","82.2","","","7655"
"Derek Holland","Rangers","107.1","90.7","","","","","91.7","79.9","","76.5","","83.2","","","4141"
"Nick Tropeano","Angels","68.1","90.7","90.9","","","","","80.1","","","","81.7","","","12385"
"Wei-Yin Chen","Marlins","123.1","90.7","90.4","","","","","83.8","74.4","","","83.5","","","13071"
"Adam Morgan","Phillies","113.1","90.7","","","","","","82.8","75.8","","","79.1","","","12580"
"Madison Bumgarner","Giants","226.2","90.7","91.0","","","","","86.7","74.6","","","83.4","","","5524"
"Adalberto Mejia","Twins","2.1","90.7","89.7","","","","","79.0","79.7","","","80.8","","","13188"
"A.J. Schugel","Pirates","52.0","90.6","92.2","","","","93.1","","78.3","","","82.6","","","11432"
"Jaime Garcia","Cardinals","171.2","90.6","90.4","88.3","","","","81.7","74.9","","","82.2","","","8137"
"Steven Matz","Mets","132.1","90.6","","","","","93.6","87.3","78.3","","","83.2","","","13361"
"Jhoulys Chacin","- - -","144.0","90.6","90.5","86.0","","","","81.8","78.3","","","83.7","","","2608"
"Felix Hernandez","Mariners","153.1","90.5","","","","","90.3","84.5","79.2","","","87.1","","","4772"
"Ross Stripling","Dodgers","100.0","90.5","89.3","","","","","86.3","77.6","","","82.2","","","13273"
"Andrew Triggs","Athletics","56.1","90.5","90.4","","","","90.4","83.5","76.7","","","82.9","","","13533"
"Logan Verrett","Mets","91.2","90.5","89.1","","","","","83.3","77.1","","","83.8","","","12905"
"Layne Somsen","Reds","2.1","90.5","","89.6","","","","88.0","78.3","","","85.1","","","15301"
"Kevin Quackenbush","Padres","59.2","90.5","","","","","","83.0","78.3","","","83.7","","","12360"
"Jason Gurka","Rockies","9.2","90.5","89.9","","","","","","76.3","","","80.5","","","8007"
"James Shields","- - -","181.2","90.5","90.3","86.1","","","","","","77.0","","83.8","","","7059"
"Shawn Morimando","Indians","4.2","90.4","","","","","","","75.3","","","81.7","","","13606"
"Ricky Nolasco","- - -","197.2","90.4","90.3","","79.5","","","81.1","73.1","","","","","","3830"
"Tyler Duffey","Twins","133.0","90.4","90.3","90.6","","","","","","80.4","","82.3","","","13758"
"Jeff Manship","Indians","43.1","90.4","91.0","","","","","","83.0","","","85.5","","","6865"
"Phil Hughes","Twins","59.0","90.4","90.4","87.6","","","","","","77.1","","85.6","","","7450"
"Travis Wood","Cubs","61.0","90.4","90.1","85.7","","","","81.6","71.7","","","80.0","","","9884"
"Dan Otero","Indians","70.2","90.3","","","","","90.1","83.2","77.7","","","83.1","","","7385"
"Logan Kensing","Tigers","4.2","90.3","90.5","","","","","","83.1","","","86.7","","","6166"
"Matt Cain","Giants","89.1","90.3","90.2","","","","","84.9","76.6","","","84.4","","","4732"
"Zach Putnam","White Sox","27.1","90.3","91.0","89.8","84.4","","","","","","","","","","9080"
"Wade Miley","- - -","166.0","90.3","90.3","","","","","84.4","77.0","","","82.5","","","8779"
"Aaron Nola","Phillies","111.0","90.3","89.9","","","","","","76.3","","","81.6","","","16149"
"Yovani Gallardo","Orioles","118.0","90.3","89.9","","","","","86.5","77.2","","","84.4","","","8173"
"Alex Cobb","Rays","22.0","90.3","90.7","","","","","","","79.7","","85.4","","","6562"
"Rich Hill","- - -","110.1","90.3","89.0","","","","","79.7","74.5","","58.4","82.1","","","4806"
"A.J. Achter","Angels","37.2","90.3","90.9","87.5","","","","80.8","","","","82.7","","","11387"
"Evan Scribner","Mariners","14.0","90.2","","85.4","","","","","71.8","","","","","","7525"
"Oliver Drake","Orioles","18.0","90.2","","","82.1","","","81.7","","","","","","","8823"
"Jorge de la Rosa","Rockies","134.0","90.2","","86.3","81.6","","","","73.3","","","","","","2047"
"Cory Gearrin","Giants","48.1","90.2","95.7","","","","91.5","83.7","","","","84.0","","","7947"
"Deolis Guerra","Angels","53.1","90.2","","","","","","","78.1","","","80.6","","","8410"
"Drew Smyly","Rays","175.1","90.2","","85.0","","","","75.7","","","","79.8","","","11760"
"Ryan Vogelsong","Pirates","82.1","90.2","89.7","","","","","87.0","75.8","","","83.6","","","1011"
"Chase Whitley","Rays","14.1","90.2","87.1","","","","","81.9","75.6","","","82.8","","","10982"
"Ubaldo Jimenez","Orioles","142.1","90.1","89.6","89.5","83.4","","","82.2","74.8","","","","","","3374"
"Miguel Socolovich","Cardinals","18.0","90.1","","","","","","82.7","","","","82.1","","","6697"
"Daniel Coulombe","Athletics","47.2","90.1","","","","","","","80.3","","","84.5","","","13293"
"Casey Kelly","Braves","21.2","90.1","89.8","","","","","","79.7","","","85.3","","","9174"
"Collin McHugh","Astros","184.2","90.1","90.6","86.7","","","","","72.4","","","83.6","","","7531"
"Jake Esch","Marlins","13.0","90.1","88.9","90.0","","","","84.0","79.4","","","83.5","","","12756"
"Adam Wainwright","Cardinals","198.2","90.1","","85.4","","","90.5","","73.9","","","82.4","","","2233"
"Scott Feldman","- - -","77.0","90.1","","88.1","","","90.4","","76.0","","","84.1","","","6283"
"William Cuevas","Red Sox","5.0","90.1","89.1","","","","","","77.8","","","80.6","","","13331"
"Kenta Maeda","Dodgers","175.2","90.0","89.7","","","","","81.5","72.5","","","82.4","","","18498"
"Jeremy Hellickson","Phillies","189.0","90.0","90.0","","","","","85.1","76.7","","","80.4","","","4371"
"Matt Buschmann","Diamondbacks","4.1","90.0","89.9","","","","","83.3","","","","84.2","","","3832"
"Zach Neal","Athletics","70.0","89.9","89.6","85.6","","","","85.5","74.6","","","81.8","","","11294"
"Alec Asher","Phillies","27.2","89.9","89.3","","","","","82.4","80.0","","","81.0","","","13560"
"Ryan O'Rourke","Twins","25.0","89.8","89.5","","","","","79.0","75.3","","","80.9","","","10976"
"Vidal Nuno","Mariners","58.2","89.8","88.8","","","","","84.3","78.2","","","83.2","","","9674"
"Tyler Wagner","Diamondbacks","10.0","89.8","89.5","88.6","","","","","77.8","","","83.7","","","13796"
"Tyler Wilson","Orioles","94.0","89.8","89.2","87.1","","","","","78.7","","","81.6","","","12691"
"Noe Ramirez","Red Sox","13.0","89.8","89.6","","","","","","77.6","","","84.4","","","12800"
"Joel Peralta","- - -","27.1","89.8","","","80.7","","","","77.9","","","","","","2332"
"Hyun-Jin Ryu","Dodgers","4.2","89.8","89.4","","","","","83.3","69.2","","","81.8","","","14444"
"James Russell","Phillies","4.1","89.7","88.5","88.3","","","","82.6","75.3","","","82.8","","","4089"
"David Hale","Rockies","2.0","89.7","89.7","","","","","","79.7","","","80.0","","","9756"
"Bartolo Colon","Mets","191.2","89.7","87.0","","","","","82.0","","","","80.9","","","375"
"Dana Eveland","Rays","23.0","89.7","89.3","","","","","81.6","","","","82.8","","","5508"
"Jerome Williams","Cardinals","17.1","89.7","","86.5","","","89.7","79.8","71.9","","","83.9","","","1137"
"Franklin Morales","Blue Jays","4.0","89.7","88.8","","","","","83.6","73.0","","","84.4","","","5088"
"Rob Zastryzny","Cubs","16.0","89.7","89.1","84.3","","","","80.6","77.5","","","81.8","","","15094"
"Kyle Hendricks","Cubs","190.0","89.7","","87.9","","","87.5","","75.4","","","80.1","","","12049"
"Nick Vincent","Mariners","60.1","89.7","90.1","","","","","86.5","","","","83.7","","","7555"
"Christian Bergman","Rockies","24.2","89.6","88.6","","","","","86.0","77.7","","","81.2","","","10925"
"Justin Marks","Rays","9.0","89.6","","","","","","79.5","75.4","","","83.0","","","10265"
"Erik Johnson","- - -","31.1","89.6","89.9","","","","","83.7","70.9","","","78.9","","","12520"
"Taylor Jungmann","Brewers","26.2","89.6","89.3","","","","","","75.2","","","84.8","","","13119"
"Mike Leake","Cardinals","176.2","89.6","","89.2","","","90.6","80.7","","78.7","","84.6","","","10130"
"Zach Phillips","Pirates","6.2","89.6","","","","","90.1","77.8","","","","82.4","","","99"
"Craig Breslow","Marlins","14.0","89.6","89.2","","","","","85.3","75.8","","","78.2","","","4363"
"Eduardo Escobar","Twins","1.0","89.5","","88.5","","","","","66.9","","","","","","6153"
"Brady Rodgers","Astros","8.1","89.5","89.8","89.2","","","","79.4","74.4","","","82.9","","","13393"
"Tommy Layne","- - -","44.2","89.5","89.5","","","","","85.3","79.3","","","82.0","","","7501"
"John Lamb","Reds","70.0","89.5","","85.2","","","","","67.7","","","74.5","","","8493"
"Kyle Ryan","Tigers","55.2","89.5","","84.7","","","89.0","","77.8","","","82.9","","","11753"
"Jed Bradley","Braves","7.0","89.5","83.9","","","","","76.3","75.5","","","80.6","","","13166"
"Mike Fiers","Astros","168.2","89.4","","85.6","","","","81.3","73.9","","","82.5","","","7754"
"Brian Matusz","- - -","9.0","89.4","89.3","","","","","84.0","78.0","","","81.5","","","2646"
"Cesar Vargas","Padres","34.0","89.4","88.0","87.5","","","","80.1","77.3","","","80.1","","","14099"
"Pat Dean","Twins","67.1","89.4","88.8","","85.1","","","85.2","76.5","","","84.2","","","11350"
"CC Sabathia","Yankees","179.2","89.4","","","","","89.0","80.0","","","","83.4","","","404"
"Richard Bleier","Yankees","23.0","89.4","83.0","","","","89.4","82.8","","","","81.5","","","7803"
"Dillon Gee","Royals","125.0","89.4","89.6","85.3","","","","83.8","","77.0","","83.7","","","7396"
"J.B. Shuck","White Sox","1.0","89.4","","","","","","87.8","79.3","","","","","","6677"
"Daniel Wright","- - -","39.2","89.3","88.9","88.0","","","","81.7","74.5","","","82.7","","","15179"
"Louis Coleman","Dodgers","48.0","89.3","86.8","","","","","81.6","","","","","","","9720"
"Christian Friedrich","Padres","129.1","89.3","89.3","","","","","82.6","77.0","","","84.8","","","7942"
"Francisco Rodriguez","Tigers","58.1","89.3","89.1","","","","","","76.0","","","83.4","","","1642"
"Jon Niese","- - -","121.0","89.3","88.8","86.0","","","","82.6","74.4","","","82.7","","","4424"
"Jayson Aquino","Orioles","2.1","89.2","81.0","88.1","","","","81.7","76.2","","","83.0","","","13150"
"Rob Whalen","Braves","24.2","89.2","","","","","88.6","80.6","74.0","","","82.0","","","14165"
"Dan Straily","Reds","191.1","89.2","89.4","","","","","83.0","72.7","","","82.3","","","9460"
"Zach Duke","- - -","61.0","89.1","89.7","","","","","81.2","75.4","","","85.3","","","3840"
"Kyle Drabek","Diamondbacks","2.0","89.1","89.3","87.9","","","","","79.8","","","87.0","","","4359"
"Justin Nicolino","Marlins","79.1","89.1","","86.6","","","","","76.9","","","82.6","","","11754"
"A.J. Morris","Reds","10.0","89.1","","88.3","","","","84.7","82.2","","","87.3","","","9919"
"Vance Worley","Orioles","86.2","89.0","89.1","87.6","","","","85.2","","75.0","","83.3","","","6435"
"Brett Oberholtzer","- - -","70.1","89.0","89.1","","","","","81.9","","78.7","","79.9","","","3855"
"Michael Roth","Rangers","3.2","89.0","","","","","87.9","79.4","","","","83.2","","","13736"
"Drew Butera","Royals","1.1","89.0","91.0","","","","","","","","","81.0","","73.3","3411"
"Jeanmar Gomez","Phillies","68.2","89.0","","","","","91.3","83.4","75.2","","","84.1","","","9033"
"Vicente Campos","Diamondbacks","5.2","88.9","","87.2","","","","74.5","73.3","","","83.4","","","11681"
"Steve Johnson","Mariners","16.2","88.9","89.0","","","","","78.7","64.0","","","80.0","","","4053"
"Luke Gregerson","Astros","57.2","88.9","89.3","88.9","","","","81.1","","","","79.3","","","4090"
"Jake Peavy","Giants","118.2","88.9","88.9","85.1","","","","79.4","78.8","","","82.8","","","1051"
"Greg Mahle","Angels","18.1","88.8","84.0","","","","85.0","81.4","","","","81.6","","","16877"
"Chris Narveson","Marlins","8.1","88.8","86.6","84.5","","","","","74.3","","","82.0","","","2141"
"Roberto Hernandez","Braves","9.0","88.7","","","","","90.2","85.0","","","","84.2","","","3273"
"Kyle Crockett","Indians","16.0","88.7","","","","","","78.3","","","","80.9","","","15033"
"Joe Smith","- - -","52.0","88.7","","","","","88.1","79.8","","","","78.8","","","3281"
"Eddie Gamboa","Rays","13.1","88.7","86.3","82.0","","","","74.3","","","","76.0","","70.1","6911"
"Yusmeiro Petit","Nationals","62.0","88.6","","87.3","","","","85.1","76.8","","","81.8","","","4020"
"Jo-Jo Reyes","Marlins","2.0","88.6","89.3","","","","","81.4","","","","","","","5559"
"Henry Owens","Red Sox","22.0","88.6","","","","","","79.8","70.9","","","76.9","","","13143"
"Buddy Baumann","Padres","9.2","88.5","81.0","81.6","","","","83.9","","","","81.0","","","9309"
"Cesar Ramos","Rangers","47.2","88.5","","","","","","82.4","68.3","","","82.6","","","3357"
"Scott Diamond","Blue Jays","1.0","88.4","","","","","","","77.3","","","83.7","","","5089"
"Scott Carroll","White Sox","2.1","88.4","88.7","","","","","82.2","79.4","","","82.2","","","888"
"Chris Rusin","Rockies","84.1","88.4","","86.4","","","89.2","","79.7","","","81.9","","","9895"
"Jake Buchanan","Cubs","6.0","88.3","","","","","89.3","83.6","77.1","","","82.3","","","10962"
"Blaine Hardy","Tigers","25.2","88.3","","84.0","","","","","75.4","","","78.9","","","6499"
"Dallas Keuchel","Astros","168.0","88.3","88.6","85.6","","","","78.0","","","","79.4","","","9434"
"Dillon Overton","Athletics","24.1","88.2","80.0","85.0","","","","75.5","73.4","","","79.0","","","15627"
"Patrick Schuster","- - -","8.2","88.2","86.5","","","","87.6","78.6","78.3","","","82.5","","","10029"
"Hisashi Iwakuma","Mariners","199.0","88.2","","85.8","83.1","","87.5","81.6","70.8","","","","","","13048"
"Carlos Villanueva","Padres","74.0","88.2","88.0","","","","","82.3","74.3","","60.2","82.1","","","4138"
"Xavier Cedeno","Rays","41.1","88.1","87.8","","","","","","79.7","","","85.3","","","36"
"Eric Surkamp","Athletics","38.2","88.1","88.6","","","","","84.1","77.3","","","81.0","","","2540"
"Robbie Erlin","Padres","15.2","88.1","","","","","","81.8","71.6","","","81.6","","","10354"
"Marco Estrada","Blue Jays","176.0","88.1","","87.2","","","","","76.6","","","77.2","","","1118"
"Donnie Hart","Orioles","18.1","88.1","","","","","87.4","76.9","","","","80.5","","","15306"
"Seth Maness","Cardinals","31.2","88.0","","","","","87.9","79.9","77.8","","","82.5","","","12235"
"Dean Kiekhefer","Cardinals","22.0","88.0","87.3","","83.5","","","77.4","","","","83.9","","","10529"
"Cody Martin","Mariners","25.2","88.0","85.4","85.2","","","","83.7","73.7","","","82.3","","","12182"
"Mike Bolsinger","Dodgers","27.2","87.8","","87.5","","","","79.6","78.9","","","83.3","","","11137"
"Sean Gilmartin","Mets","17.2","87.8","87.7","","","","","77.7","69.8","","","77.8","","","12781"
"Joe Mantiply","Tigers","2.2","87.8","80.0","","","","","78.6","79.3","","","86.9","","","14857"
"Tim Lincecum","Angels","38.1","87.8","87.7","","","","","80.9","73.3","","","81.3","","","5705"
"Chris Young","Royals","88.2","87.8","","","","","","82.0","","","","81.4","","","3196"
"Josh Tomlin","Indians","174.0","87.8","","85.3","","","87.8","","75.1","","","83.2","","","9388"
"Chris Heston","Giants","5.0","87.7","","","","","87.1","75.7","71.9","","","80.1","","","10302"
"Tyler Olson","Yankees","2.2","87.7","","","","","88.2","","73.1","","","81.4","","","14741"
"A.J. Griffin","Rangers","119.0","87.7","","","","","","83.1","66.6","","","81.0","","","11132"
"Matt Reynolds","Giants","6.0","87.6","","","","","","","","78.3","","80.7","","","8887"
"Chris Smith","Athletics","24.2","87.5","88.0","","","","","","78.1","","","76.9","","","4544"
"Kyle Lobstein","Pirates","25.0","87.5","","82.9","","","87.3","","76.6","","","79.5","","","9178"
"Tommy Milone","Twins","69.1","87.4","86.3","84.7","","","","77.8","74.5","","","81.2","","","7608"
"Colby Lewis","Rangers","116.1","87.4","87.4","","","","","82.1","76.4","","","83.2","","","1259"
"Ryan Merritt","Indians","11.0","87.3","80.9","85.0","","","","85.0","71.9","","","79.8","","","13688"
"Robby Scott","Red Sox","6.0","87.3","82.6","","82.9","","86.2","72.1","72.3","","","84.3","","","13042"
"Rafael Martin","Nationals","3.2","87.3","","","","","","78.2","","","","","","","10258"
"Andrew Romine","Tigers","0.2","87.2","","86.4","","","","","","","","83.4","","72.7","1159"
"John Danks","White Sox","22.1","87.2","87.6","83.7","","","","","74.2","","","81.2","","","6329"
"Nick Tepesch","Dodgers","4.0","87.2","","","","","87.6","82.9","76.5","","","86.0","","","11716"
"Ryan Goins","Blue Jays","1.0","87.1","","85.0","","","","","75.1","","","80.6","","73.7","9807"
"Andrew Albers","Twins","17.0","87.0","","","","","87.3","77.4","69.1","","","77.2","","","7853"
"Doug Fister","Astros","180.1","87.0","86.9","82.6","","","","","70.4","","","79.1","","","9425"
"Chad Girodo","Blue Jays","10.1","86.9","85.9","","","","86.1","77.7","","","","82.1","","","15542"
"Koji Uehara","Red Sox","47.0","86.7","86.6","","78.6","","","82.1","","","","","","","9227"
"Ruben Tejada","Cardinals","1.0","86.7","","87.9","","","","","71.7","","","85.2","","","5519"
"Darren O'Day","Orioles","31.0","86.4","","","","","85.7","79.2","","","","","","","3321"
"Jason Vargas","Royals","12.0","86.4","85.9","83.4","","","","","","71.3","","79.0","","","8044"
"Josh Phegley","Athletics","0.2","86.3","","86.6","","","","78.5","","","","80.9","","","9308"
"Tyler White","Astros","1.0","86.1","","","","","","","75.9","","","82.4","","","15564"
"Cody Ege","- - -","11.2","85.9","87.0","","","","88.4","72.5","75.7","","","80.3","","","15928"
"Sergio Romo","Giants","30.2","85.9","","","","","85.9","75.9","","","","81.6","","","9817"
"Wade LeBlanc","- - -","62.0","85.9","86.9","84.2","","","","81.2","74.3","","","77.9","","","5221"
"Erik Kratz","- - -","2.0","85.8","","84.2","","","","84.4","","","","82.6","","60.3","4403"
"Tyler Ladendorf","Athletics","1.0","84.8","","82.8","","","","","76.7","","","79.0","","","3211"
"Brent Suter","Brewers","21.2","84.8","84.6","85.0","","","","79.4","71.0","","","80.5","","","13942"
"Darwin Barney","Blue Jays","1.0","84.7","","","","","","78.3","","","","85.0","","","2430"
"Jered Weaver","Angels","178.0","84.0","82.3","","","","","76.1","68.8","","","77.4","","","4235"
"Steven Wright","Red Sox","156.2","83.2","","","","","","","67.1","","","","","74.3","8185"
"R.A. Dickey","Blue Jays","169.2","82.3","","","","","","","","","64.8","","","76.1","1245"
"Kyle Lohse","Rangers","9.1","","","","","","86.9","82.8","72.6","","","76.1","","","739"
"Javier Lopez","Giants","26.2","","84.3","","","","","77.6","71.6","","","80.2","","","1663"
"Chris Capuano","Brewers","24.0","","","","","","88.5","82.2","74.6","","","77.6","","","1701"
"Sean Burnett","Nationals","5.2","","","","","","88.0","78.5","","","","82.3","","","1886"
"Chad Qualls","Rockies","32.2","","","","","","90.2","84.0","","","","83.8","","","2170"
"Tony Watson","Pirates","67.2","","","","","","93.2","85.7","","","","85.2","","","3132"
"Miguel Montero","Cubs","1.1","","","","","","","","74.2","","","81.1","","","3364"
"Hector Santiago","- - -","182.0","","","85.2","","","91.3","78.7","73.4","","","82.8","78.5","","4026"
"Pat Neshek","Astros","47.0","","","","","","89.1","82.8","","","","67.4","","","4682"
"Nate Jones","White Sox","70.2","","96.8","","","","","88.3","75.9","","","88.0","","","4696"
"Peter Moylan","Royals","44.2","","","","","","89.9","78.3","","","","83.8","","","4891"
"Jake Diekman","Rangers","53.0","","95.1","","","","","84.9","","","","87.0","","","5003"
"Yohan Flande","Rockies","3.2","","","","","","90.1","84.1","","","","84.6","","","5057"
"Tom Gorzelanny","Indians","3.0","","91.0","","","","","79.3","","","","85.6","","","6244"
"Pat Venditte","- - -","22.0","","","","","","84.0","72.5","","","","78.7","","","7108"
"Brad Ziegler","- - -","68.0","","","","","","83.9","","73.6","","","76.4","","","7293"
"Josh Collmenter","- - -","41.1","","","84.2","","","","","69.6","","","75.9","","","7312"
"Chris Gimenez","Indians","3.0","","","","","","","","","","","80.7","","68.0","7324"
"Ryan Webb","Rays","17.1","","","","","","90.9","80.6","","","","83.1","","","7474"
"Ryan Flaherty","Orioles","1.0","","","","","","","","","","","81.9","","70.7","7888"
"Bryan Shaw","Indians","66.2","","","93.4","","","","81.4","","","","82.6","","","8110"
"J.P. Howell","Dodgers","50.2","","","","","","85.3","","","78.4","","81.8","","","8245"
"Huston Street","Angels","22.1","","","","","","88.2","82.8","","","","80.4","","","8258"
"Buddy Boshers","Twins","36.0","","","","","","91.6","","80.9","","","87.0","","","8490"
"Alexi Amarista","Padres","0.1","","","","","","","","","","","83.7","","","9063"
"T.J. House","Indians","2.2","","90.5","","","","","84.7","","","","83.5","","","9121"
"Michael Kirkman","- - -","2.1","","","","","","90.8","83.0","","","","89.4","","","9877"
"Ryan Weber","Braves","36.1","","","","","","90.2","","76.0","","","81.6","","","10160"
"Michael Tonkin","Twins","71.2","","93.9","","","","","82.8","","","","88.2","","","10315"
"Aaron Loup","Blue Jays","14.1","","91.1","","","","","75.7","","","","80.2","","","10343"
"Jake Petricka","White Sox","8.0","","94.2","","","","","88.0","","","","85.7","","","10534"
"Scott Alexander","Royals","19.0","","","","","","90.6","82.6","","","","83.0","","","10591"
"Chris Sale","White Sox","226.2","","93.0","","","","","78.5","","","","86.2","","","10603"
"Donn Roach","Mariners","5.1","","","","","","91.6","","77.9","","","","","","10620"
"Ryan LaMarre","Red Sox","1.0","","","","","","","","","","","76.5","","","10700"
"Jared Hoying","Rangers","1.0","","","","","","","","","","","","","60.8","10882"
"Ben Rowen","Brewers","3.0","","80.1","","","","","72.2","","","","78.4","","","10983"
"Kevin Chapman","Astros","8.0","","90.6","","","","89.0","78.3","73.6","","","84.6","","","11240"
"Bryan Holaday","Rangers","1.1","","","","","","","","","","","77.3","","64.7","11287"
"Tyler Holt","Reds","1.0","","","","","","","","63.1","","","","","65.6","11391"
"Matt Grace","Nationals","3.0","","","","","","89.0","80.6","","","","","","","11449"
"Sammy Solis","Nationals","41.0","","93.5","","","","","80.0","","80.4","","85.6","","","11457"
"Williams Perez","Braves","53.2","","","","","","91.1","","76.8","","","78.9","","","11592"
"Taylor Motter","Rays","0.1","","","","","","","","","","","77.5","","72.7","12399"
"Alex Claudio","Rangers","51.2","","","","","","85.4","79.5","74.0","","","67.3","","","12890"
"Luis Sardinas","Mariners","1.0","","","","","","","","68.2","","","80.2","","","13153"
"Carson Smith","Red Sox","2.2","","","","","","91.3","85.3","","","","","","","13172"
"Zach Davies","Brewers","163.1","","89.3","85.4","","","","85.6","72.3","","","78.5","","","13183"
"Alex Wood","Dodgers","60.1","","90.3","","","","","","","82.1","","83.7","","","13781"
"Andrew Heaney","Angels","6.0","","","","","","90.6","77.4","","","","82.8","","","15423"
