"Name","Team","IP","FA%","FT%","FC%","FS%","FO%","SI%","SL%","CU%","KC%","EP%","CH%","SC%","KN%","UN%","playerid"
"Jose Torres","Padres","3.0","96.6 %","","","","","","1.7 %","","","","1.7 %","","","","14957"
"Tony Cingrani","Reds","63.0","89.5 %","","","","","","10.4 %","","","","0.1 %","","","","12555"
"Sean Doolittle","Athletics","39.0","89.4 %","","","3.1 %","","","","6.5 %","","","1.0 %","","","","1581"
"Tayron Guerrero","Padres","2.0","86.4 %","","","","","","13.6 %","","","","","","","","11691"
"Ryan Buchter","Padres","63.0","84.8 %","","7.9 %","","","","5.5 %","1.2 %","","","0.6 %","","","0.1 %","9456"
"J.B. Shuck","White Sox","1.0","84.6 %","","","","","","7.7 %","7.7 %","","","","","","","6677"
"Jim Henderson","Mets","35.0","82.0 %","","","","","","18.0 %","","","","","","","","6653"
"Aroldis Chapman","- - -","58.0","81.1 %","","","","","","15.6 %","","","","3.3 %","","","","10233"
"Steve Johnson","Mariners","16.2","79.1 %","3.7 %","","","","","3.7 %","11.6 %","","","2.0 %","","","","4053"
"Matt Strahm","Royals","22.0","78.4 %","","","0.2 %","","","0.2 %","11.1 %","","","10.1 %","","","","13799"
"Edwin Escobar","Diamondbacks","23.2","77.8 %","0.5 %","","","","","","19.9 %","","","1.8 %","","","","10337"
"Trevor Rosenthal","Cardinals","40.1","77.8 %","","","","","","6.4 %","1.8 %","","","14.1 %","","","","10745"
"Grant Dayton","Dodgers","26.1","77.5 %","0.4 %","","","","","1.3 %","14.4 %","","","6.4 %","","","","11203"
"Tanner Scheppers","Rangers","8.2","77.1 %","","","","","","","22.1 %","","","0.8 %","","","","10267"
"Brian Ellington","Marlins","33.0","76.5 %","0.5 %","","","","","","16.1 %","","","6.8 %","","","","17233"
"John Axford","Athletics","65.2","75.6 %","","0.2 %","","","","14.7 %","9.6 %","","","","","","","9059"
"Jason Hursh","Braves","1.1","75.5 %","4.1 %","","","","","10.2 %","4.1 %","","","6.1 %","","","","14914"
"Nick Wittgren","Marlins","51.2","75.2 %","","0.5 %","","","","11.0 %","0.2 %","","","13.1 %","","","","15594"
"Steve Delabar","Reds","8.0","75.1 %","","","","","","6.2 %","1.1 %","","","17.5 %","","","","11827"
"Rafael Martin","Nationals","3.2","75.0 %","","","","","","25.0 %","","","","","","","","10258"
"Damien Magnifico","Brewers","3.0","74.1 %","","","","","","24.1 %","1.9 %","","","","","","","13395"
"Carl Edwards Jr.","Cubs","36.0","73.8 %","","","","","","","26.1 %","","","0.2 %","","","","13607"
"Jose Dominguez","Padres","35.2","73.1 %","","","","","","18.7 %","","","","8.2 %","","","","11571"
"Buddy Baumann","Padres","9.2","72.4 %","4.1 %","1.8 %","","","","18.8 %","","","","2.9 %","","","","9309"
"Corey Knebel","Brewers","32.2","72.3 %","","","","","","","","27.7 %","","","","","","15010"
"Dayan Diaz","Reds","6.2","72.2 %","2.1 %","","","","","21.5 %","","","","4.2 %","","","","11543"
"Xavier Cedeno","Rays","41.1","72.2 %","2.3 %","","","","","","24.8 %","","","0.7 %","","","","36"
"Mauricio Cabrera","Braves","38.1","71.9 %","0.3 %","","","","","16.7 %","0.6 %","","","10.5 %","","","","12975"
"Dustin Molleken","Tigers","8.1","71.9 %","","0.6 %","","","","21.6 %","4.2 %","","","1.8 %","","","","6200"
"Gerardo Concepcion","Cubs","2.1","71.1 %","2.2 %","","","","","4.4 %","20.0 %","","","2.2 %","","","","14411"
"Ashur Tolliver","Orioles","4.2","70.9 %","1.0 %","","1.0 %","","","19.4 %","","","","7.8 %","","","","10044"
"Lucas Giolito","Nationals","21.1","70.9 %","0.5 %","","","","","0.3 %","18.1 %","","","10.3 %","","","","15474"
"Bo Schultz","Blue Jays","16.1","70.8 %","0.8 %","16.2 %","","","","10.4 %","","","","1.9 %","","","","5028"
"Archie Bradley","Diamondbacks","141.2","69.9 %","","","","","","","","23.7 %","","6.4 %","","","","12918"
"Zach McAllister","Indians","52.1","69.7 %","8.6 %","6.1 %","","","","4.4 %","10.3 %","","","1.0 %","","","","2895"
"Steve Geltz","Rays","26.2","69.7 %","","","11.2 %","","","19.1 %","","","","","","","","8402"
"Addison Reed","Mets","77.2","69.6 %","","3.0 %","","","","27.3 %","","","","0.2 %","","","","10586"
"Neftali Feliz","Pirates","53.2","69.4 %","2.0 %","","","","","25.6 %","","","","3.0 %","","","","18"
"Scott Diamond","Blue Jays","1.0","69.2 %","","","","","","","15.4 %","","","15.4 %","","","","5089"
"Bobby Parnell","Tigers","5.1","68.8 %","","","","","","","","31.3 %","","","","","","9926"
"Ruben Tejada","Cardinals","1.0","68.4 %","","5.3 %","","","","","21.1 %","","","5.3 %","","","","5519"
"Craig Kimbrel","Red Sox","53.0","68.4 %","0.5 %","","","","","","","31.1 %","","","","","","6655"
"Colton Murray","Phillies","31.2","68.0 %","","","","","","6.4 %","24.3 %","","","1.3 %","","","","12264"
"Dan Altavilla","Mariners","12.1","67.4 %","0.6 %","1.2 %","","","","29.7 %","","","","1.2 %","","","","16507"
"Trevor Gott","Nationals","6.0","67.4 %","","","","","","","27.6 %","","","5.1 %","","","","15046"
"Juan Nicasio","Pirates","118.0","67.3 %","1.4 %","","","","","28.4 %","0.1 %","","","2.9 %","","","","7731"
"Matt Barnes","Red Sox","66.2","67.2 %","","","","","","","25.2 %","","","7.6 %","","","","12863"
"Steven Brault","Pirates","33.1","67.2 %","","","","","","24.3 %","","","","8.5 %","","","","15291"
"Justin Miller","Rockies","42.2","67.2 %","","","","","","32.7 %","","","","0.1 %","","","","8580"
"Kyle Crockett","Indians","16.0","67.2 %","","","","","","27.8 %","","","","5.1 %","","","","15033"
"Matt Magill","Reds","4.1","67.1 %","","8.5 %","","","","19.5 %","","","","4.9 %","","","","3950"
"Matt Bush","Rangers","61.2","67.0 %","0.2 %","","","","","13.8 %","18.9 %","","","0.1 %","","","","1246"
"Carlos Estevez","Rockies","55.0","66.9 %","2.7 %","1.8 %","","","","19.8 %","","","","8.8 %","","","","14542"
"Jo-Jo Reyes","Marlins","2.0","66.7 %","27.8 %","","","","","5.6 %","","","","","","","","5559"
"David Rollins","Mariners","9.1","66.7 %","","","","","","22.2 %","","","","11.1 %","","","","11928"
"Tyler Thornburg","Brewers","67.0","66.3 %","","0.2 %","","","","","24.5 %","","","9.0 %","","","","10688"
"Michael Ynoa","White Sox","30.0","66.3 %","","0.9 %","","","","16.4 %","11.8 %","","","4.6 %","","","","14093"
"Hansel Robles","Mets","77.2","66.2 %","0.7 %","","","","","26.4 %","","","","6.8 %","","","","11801"
"Jose De Leon","Dodgers","17.0","66.1 %","","","","","","7.1 %","5.7 %","","","21.1 %","","","","15463"
"Mike Mayers","Cardinals","5.1","65.8 %","1.7 %","0.8 %","","","","17.5 %","","","","14.2 %","","","","15451"
"Kevin Siegrist","Cardinals","61.2","65.4 %","2.2 %","","","","","","10.8 %","","","21.6 %","","","","8180"
"J.J. Hoover","Reds","18.2","65.1 %","","","","","","17.1 %","13.9 %","","","3.9 %","","","","9037"
"Josh Smoker","Mets","15.1","65.0 %","","","5.5 %","","","24.0 %","3.9 %","","","1.6 %","","","","10285"
"Antonio Bastardo","- - -","67.2","64.9 %","0.6 %","","","","","26.7 %","","","","7.8 %","","","","8844"
"Jose Ramirez","Braves","32.2","64.7 %","","","","","","27.0 %","","","","8.3 %","","","","10171"
"Madison Younginer","Braves","7.0","64.6 %","","0.7 %","","","","3.4 %","23.8 %","","","7.5 %","","","","10636"
"Reynaldo Lopez","Nationals","44.0","64.5 %","","","","","","","25.3 %","","","10.3 %","","","","16400"
"JC Ramirez","- - -","78.2","64.5 %","9.0 %","","","","","25.7 %","","","","0.8 %","","","","8302"
"Robert Stephenson","Reds","37.0","64.2 %","","","","","","","17.8 %","","","18.1 %","","","","13594"
"Mychal Givens","Orioles","74.2","64.1 %","","","","","","29.4 %","","","","6.5 %","","","","10430"
"Cody Hall","Marlins","3.0","64.1 %","","","","","","20.3 %","","","","15.6 %","","","","12232"
"Blake Smith","White Sox","4.1","64.0 %","2.7 %","8.0 %","","","","1.3 %","22.7 %","","","1.3 %","","","","9780"
"Tyrell Jenkins","Braves","52.0","63.9 %","0.2 %","","","","","19.6 %","0.3 %","","","15.9 %","","","","11378"
"Michael Feliz","Astros","65.0","63.9 %","","","","","","31.0 %","","","","5.1 %","","","","11903"
"Fernando Rodriguez","Athletics","40.2","63.9 %","","28.3 %","","","","","7.0 %","","","0.8 %","","","","7558"
"Adam Liberatore","Dodgers","42.2","63.8 %","2.0 %","0.1 %","","","","12.9 %","","","","21.2 %","","","","10637"
"Keith Hessler","- - -","21.2","63.7 %","","","","","","31.2 %","","","","5.1 %","","","","12220"
"Adrian Sampson","Mariners","4.2","63.5 %","","","","","","28.2 %","","","","8.2 %","","","","13339"
"Josh Fields","- - -","35.0","63.5 %","","","","","","7.6 %","","24.3 %","","4.7 %","","","","5070"
"Austin Adams","Indians","18.1","63.5 %","","","","","","27.9 %","","","","8.7 %","","","","7411"
"Adam Conley","Marlins","133.1","63.4 %","","","","","","18.0 %","","","","18.6 %","","","","14457"
"Samuel Tuivailala","Cardinals","9.0","63.3 %","1.4 %","","","","","26.2 %","9.1 %","","","","","","","13485"
"Cody Allen","Indians","68.0","63.3 %","","","","","","","","36.7 %","","","","","","12183"
"Daniel Norris","Tigers","69.1","63.3 %","","","","","","13.2 %","7.7 %","","","15.8 %","","","","13475"
"Tyler Glasnow","Pirates","23.1","63.2 %","","","","","","","35.2 %","","","1.6 %","","","","14374"
"Travis Wood","Cubs","61.0","63.1 %","5.6 %","19.6 %","","","","6.7 %","3.0 %","","","2.1 %","","","","9884"
"Kevin Quackenbush","Padres","59.2","63.1 %","","","","","","4.0 %","32.3 %","","","0.6 %","","","","12360"
"Jake Barrett","Diamondbacks","59.1","62.9 %","","","2.0 %","","","34.6 %","","","","0.5 %","","","","13322"
"Drew Hutchison","- - -","24.0","62.8 %","0.5 %","","","","","27.9 %","","","","8.7 %","","","","10732"
"Tommy Kahnle","White Sox","27.1","62.7 %","9.8 %","1.0 %","","","","10.3 %","","","","16.2 %","","","","11384"
"James Paxton","Mariners","121.0","62.6 %","0.6 %","16.8 %","","","","","","13.7 %","","6.4 %","","","","11828"
"Andrew Bailey","- - -","43.2","62.1 %","","21.8 %","0.1 %","","","","15.7 %","","","0.3 %","","","","1368"
"Mike Dunn","Marlins","42.1","62.1 %","0.8 %","","","","","36.8 %","0.3 %","","","","","","","9948"
"Cody Anderson","Indians","60.2","61.9 %","","4.2 %","","","","","11.3 %","","","22.6 %","","","","12799"
"Silvino Bracho","Diamondbacks","24.2","61.8 %","3.1 %","","","","","25.8 %","","","","9.4 %","","","","15051"
"Cam Bedrosian","Angels","40.1","61.8 %","","6.0 %","","","","32.3 %","","","","","","","","13360"
"Elvis Araujo","Phillies","27.1","61.7 %","","","","","","34.8 %","","","","3.6 %","","","","12854"
"Felipe Rivero","- - -","77.0","61.5 %","0.9 %","","","","","15.4 %","1.4 %","","","20.8 %","","","","12076"
"Luke Jackson","Rangers","11.2","61.4 %","","","","","","","33.2 %","","","5.4 %","","","","11752"
"Dylan Bundy","Orioles","109.2","61.3 %","","","","","","6.4 %","12.2 %","","","20.1 %","","","","12917"
"Yimi Garcia","Dodgers","8.1","61.3 %","0.8 %","7.3 %","","","","24.2 %","","","","6.5 %","","","","12095"
"Steve Hathaway","Diamondbacks","14.2","61.3 %","2.8 %","","0.4 %","","","0.4 %","30.8 %","","","4.4 %","","","","15293"
"Junior Guerra","Brewers","121.2","61.2 %","0.3 %","","19.9 %","","","3.3 %","15.3 %","","","","","","","5702"
"Chin-hui Tsao","Dodgers","1.2","61.1 %","","","","","","36.1 %","2.8 %","","","","","","","1776"
"Enrique Burgos","Diamondbacks","41.1","61.1 %","","","","","","37.5 %","","","","1.4 %","","","","3895"
"Matt Boyd","Tigers","97.1","61.0 %","","0.2 %","","","","12.0 %","10.8 %","","","16.0 %","","","","15440"
"Shawn Tolleson","Rangers","36.1","60.9 %","0.9 %","5.2 %","","","","22.2 %","","","","10.8 %","","","","10481"
"Jandel Gustave","Astros","15.1","60.9 %","5.0 %","0.4 %","","","","33.6 %","","","","","","","","14665"
"Mike Montgomery","- - -","100.0","60.9 %","","7.5 %","","","","","24.4 %","","","7.1 %","","","","4869"
"Roberto Osuna","Blue Jays","74.0","60.9 %","6.6 %","4.5 %","","","","20.7 %","","","","7.3 %","","","","13764"
"Jonathan Papelbon","Nationals","35.0","60.9 %","2.9 %","","16.5 %","","","19.8 %","","","","","","","","5975"
"Shae Simmons","Braves","6.2","60.8 %","1.0 %","","6.9 %","","","31.4 %","","","","","","","","14200"
"Kevin Gausman","Orioles","179.2","60.8 %","4.6 %","","21.3 %","","","13.3 %","","","","","","","","14107"
"Seung Hwan Oh","Cardinals","79.2","60.7 %","1.4 %","","","","","30.1 %","0.8 %","","","7.0 %","","","","18719"
"Heath Hembree","Red Sox","51.0","60.6 %","","","","","","29.6 %","9.1 %","","","0.7 %","","","","11632"
"Fernando Salas","- - -","73.2","60.5 %","0.4 %","","","","","","","22.0 %","","17.1 %","","","","4971"
"Joakim Soria","Royals","66.2","60.3 %","","5.5 %","","","","7.7 %","11.4 %","","","15.1 %","","","","6941"
"Zac Curtis","Diamondbacks","13.1","60.3 %","0.4 %","","","","","36.0 %","","","","3.4 %","","","","16684"
"Trevor May","Twins","42.2","60.2 %","2.3 %","","","","","8.8 %","19.2 %","","","9.5 %","","","","6398"
"Joseph Biagini","Blue Jays","67.2","60.2 %","","0.1 %","","","","15.3 %","17.4 %","","","7.0 %","","","","13194"
"Jed Bradley","Braves","7.0","60.2 %","8.1 %","","","","","5.7 %","16.3 %","","","9.8 %","","","","13166"
"Kirby Yates","Yankees","41.1","60.0 %","","","","","","31.8 %","","4.8 %","","3.5 %","","","","9073"
"Jonathan Aro","Mariners","0.2","60.0 %","","","","","","","","","","40.0 %","","","","14699"
"Bruce Rondon","Tigers","36.1","60.0 %","","","","","","36.7 %","","","","3.4 %","","","","5766"
"Gerrit Cole","Pirates","116.0","59.9 %","7.3 %","","","","","18.0 %","5.8 %","4.1 %","","5.0 %","","","","13125"
"Keone Kela","Rangers","34.0","59.8 %","2.5 %","","","","","","35.9 %","","","1.7 %","","","","14696"
"Jose Valdez","Angels","23.1","59.8 %","","","","","","40.2 %","","","","","","","","14470"
"Andrew Faulkner","Rangers","6.2","59.7 %","","","","","","0.8 %","21.0 %","","","18.5 %","","","","12982"
"Pedro Baez","Dodgers","74.0","59.6 %","15.4 %","","","","","12.2 %","","","","12.7 %","","","","5420"
"Abel De Los Santos","Reds","5.2","59.6 %","3.7 %","","","","","0.9 %","29.4 %","","","6.4 %","","","","12962"
"Adam Plutko","Indians","3.2","59.5 %","","3.8 %","","","","17.7 %","12.7 %","","","6.3 %","","","","15846"
"Jason Grilli","- - -","59.0","59.3 %","2.6 %","","","","","35.7 %","","","","2.4 %","","","","521"
"Luke Weaver","Cardinals","36.1","59.2 %","0.2 %","8.7 %","","","","","7.8 %","","","24.2 %","","","","16918"
"Brad Boxberger","Rays","24.1","59.2 %","","8.4 %","","","","","0.9 %","","","31.5 %","","","","10133"
"Tony Zych","Mariners","13.2","59.2 %","","","","","","40.4 %","","","","0.4 %","","","","12876"
"Shawn Morimando","Indians","4.2","59.2 %","","","","","","","15.0 %","","","25.8 %","","","","13606"
"Neil Ramirez","- - -","24.0","59.1 %","","","","","","38.0 %","2.6 %","","","0.2 %","","","","7677"
"Wilfredo Boscan","Pirates","15.1","58.9 %","9.5 %","","","","","2.7 %","14.5 %","","","14.5 %","","","","7655"
"Ryan Madson","Athletics","64.2","58.9 %","5.6 %","8.5 %","","","","","","","","27.0 %","","","","1852"
"Ryan Dull","Athletics","74.1","58.9 %","","","","","","33.7 %","0.2 %","","","7.3 %","","","","13974"
"Matt Marksberry","Braves","3.1","58.8 %","","","","","","41.2 %","","","","","","","","15089"
"Jumbo Diaz","Reds","43.0","58.8 %","9.5 %","0.7 %","","","","25.4 %","","","","5.7 %","","","","3397"
"Arnold Leon","Blue Jays","2.1","58.7 %","","","","","","23.9 %","13.0 %","","","4.4 %","","","","5595"
"Jeff Hoffman","Rockies","31.1","58.7 %","0.2 %","0.7 %","","","","9.2 %","17.0 %","","","14.1 %","","","","17432"
"Alexi Ogando","Braves","32.0","58.6 %","10.2 %","","","","","28.5 %","","","","2.7 %","","","","10261"
"Kelvin Marte","Pirates","3.1","58.6 %","3.5 %","","","","","15.5 %","","","","22.4 %","","","","5200"
"J.A. Happ","Blue Jays","195.0","58.6 %","14.9 %","","","","","12.7 %","7.5 %","","","6.4 %","","","","7410"
"Sean Manaea","Athletics","144.2","58.5 %","","","","","","12.9 %","","","","28.6 %","","","","15873"
"Brock Stewart","Dodgers","28.0","58.3 %","5.6 %","","","","","16.9 %","","","","19.2 %","","","","16727"
"Buck Farmer","Tigers","29.1","58.2 %","2.6 %","4.0 %","","","","","11.0 %","","","24.3 %","","","","14814"
"John Gant","Braves","50.0","58.1 %","","0.3 %","","","","","18.5 %","","","23.1 %","","","","13684"
"Keyvius Sampson","Reds","39.1","58.1 %","","","","","","19.0 %","11.8 %","","","11.2 %","","","","10039"
"Ian Kennedy","Royals","195.2","58.0 %","8.4 %","","","","","8.1 %","","13.8 %","","11.7 %","","","","6986"
"Taijuan Walker","Mariners","134.1","57.9 %","3.4 %","7.3 %","20.2 %","","","","11.3 %","","","","","","","11836"
"Enny Romero","Rays","45.2","57.8 %","0.4 %","27.7 %","","","","14.1 %","","","","","","","","4001"
"Alex Meyer","- - -","25.1","57.8 %","0.2 %","","","","","","31.3 %","","","10.7 %","","","","12833"
"J.B. Wendelken","Athletics","12.2","57.7 %","","8.1 %","","","","","9.6 %","","","24.6 %","","","","14506"
"Mike Broadway","Giants","5.1","57.7 %","","","","","","42.4 %","","","","","","","","9894"
"Chris Hatcher","Dodgers","40.2","57.6 %","0.9 %","6.1 %","15.0 %","","","20.4 %","","","","","","","","3299"
"Chris Stratton","Giants","10.0","57.5 %","0.6 %","3.6 %","","","","16.2 %","12.6 %","","","9.6 %","","","","13761"
"Ross Ohlendorf","Reds","65.2","57.4 %","4.1 %","","","","","21.0 %","0.1 %","","","17.4 %","","","","8268"
"Matt Buschmann","Diamondbacks","4.1","57.4 %","6.6 %","","","","","19.7 %","","","","16.4 %","","","","3832"
"Anthony Ranaudo","- - -","31.1","57.3 %","","","","","","11.7 %","24.8 %","","","6.1 %","","","0.2 %","11424"
"Blake Snell","Rays","89.0","57.3 %","","","","","","12.0 %","12.8 %","","","18.0 %","","","","13543"
"Spencer Patton","Cubs","21.1","57.2 %","7.4 %","","","","","29.7 %","","","","5.6 %","","","","12361"
"Brad Brach","Orioles","79.0","57.2 %","3.1 %","","21.5 %","","","18.2 %","","","","","","","","6627"
"William Cuevas","Red Sox","5.0","57.1 %","1.0 %","","","","","","19.4 %","","","22.5 %","","","","13331"
"Kevin Jepsen","- - -","49.2","57.1 %","8.6 %","","","","","","27.4 %","","","6.9 %","","","","6475"
"Sam Freeman","Brewers","7.2","57.0 %","8.9 %","","26.3 %","","","6.2 %","1.7 %","","","","","","","6832"
"Blake Parker","- - -","17.1","57.0 %","0.3 %","","19.1 %","","","","23.3 %","","","","","","0.3 %","5224"
"Rubby de la Rosa","Diamondbacks","50.2","56.7 %","6.6 %","","","","","28.0 %","0.7 %","","","8.0 %","","","","3862"
"Tyler Skaggs","Angels","49.2","56.7 %","3.7 %","","","","","","26.6 %","","","13.0 %","","","","10190"
"Miguel Castro","Rockies","14.2","56.7 %","","","","","","37.9 %","","","","5.4 %","","","","15684"
"Tim Melville","Reds","9.0","56.7 %","","","","","","22.7 %","20.2 %","","","0.5 %","","","","9149"
"Vince Velasquez","Phillies","131.0","56.4 %","7.8 %","","","","","9.2 %","13.6 %","","","13.0 %","","","","11189"
"Cory Luebke","Pirates","8.2","56.3 %","6.6 %","","","","","24.9 %","9.4 %","","","2.8 %","","","","1984"
"Shawn Kelley","Nationals","58.0","56.2 %","","","","","","43.7 %","","","","","","","0.1 %","7773"
"Julio Urias","Dodgers","77.0","56.1 %","","","","","","14.8 %","16.0 %","","","13.0 %","","","","14765"
"Pat Dean","Twins","67.1","56.1 %","1.0 %","","0.2 %","","","26.8 %","7.2 %","","","8.7 %","","","","11350"
"Joseph Colon","Indians","10.0","56.0 %","18.1 %","0.6 %","","","","14.3 %","3.9 %","","","7.1 %","","","","4920"
"Gonzalez Germen","Rockies","40.2","56.0 %","4.1 %","","","","","10.9 %","","","","29.0 %","","","","5876"
"Jon Gray","Rockies","168.0","56.0 %","","","","","","25.9 %","10.4 %","","","7.8 %","","","","14916"
"Robbie Ray","Diamondbacks","174.1","55.7 %","16.1 %","","","","","22.3 %","","","","5.9 %","","","","11486"
"Cesar Vargas","Padres","34.0","55.7 %","1.0 %","9.8 %","","","","24.1 %","8.3 %","","","1.2 %","","","","14099"
"Robbie Ross Jr.","Red Sox","55.1","55.7 %","0.5 %","1.1 %","","","","21.7 %","20.6 %","","","0.3 %","","","","6819"
"Joe Wieland","Mariners","5.0","55.7 %","","","","","","","19.3 %","","","25.0 %","","","","6109"
"Raul Alcantara","Athletics","22.1","55.7 %","10.3 %","","","","","9.8 %","5.3 %","","","19.0 %","","","","12790"
"Drew Smyly","Rays","175.1","55.7 %","","16.0 %","","","","22.6 %","","","","5.7 %","","","","11760"
"Scott Oberg","Rockies","26.0","55.6 %","4.7 %","","","","","25.1 %","9.8 %","","","4.9 %","","","","13911"
"Warwick Saupold","Tigers","9.2","55.6 %","0.7 %","5.2 %","","","","18.3 %","14.4 %","","","5.9 %","","","","13211"
"Danny Salazar","Indians","137.1","55.5 %","12.7 %","","","","","10.8 %","3.1 %","","","17.9 %","","","","5867"
"Ben Heller","Yankees","7.0","55.4 %","","","","","","4.8 %","31.9 %","","","7.8 %","","","","15100"
"Max Scherzer","Nationals","228.1","55.4 %","","1.7 %","","","","22.8 %","8.1 %","","","12.0 %","","","","3137"
"Evan Scribner","Mariners","14.0","55.4 %","","9.7 %","","","","","35.0 %","","","","","","","7525"
"Tyler Cravy","Brewers","28.1","55.4 %","6.3 %","","","","","16.8 %","7.6 %","","","13.9 %","","","","10770"
"Conor Mullee","Yankees","3.0","55.4 %","1.5 %","","","","","24.6 %","1.5 %","","","16.9 %","","","","11580"
"Taylor Jungmann","Brewers","26.2","55.2 %","8.3 %","","","","","","31.4 %","","","5.1 %","","","","13119"
"Henry Owens","Red Sox","22.0","55.2 %","","","","","","3.1 %","10.4 %","","","31.3 %","","","","13143"
"Matt Reynolds","Giants","6.0","55.2 %","","","","","","","","23.3 %","","21.6 %","","","","8887"
"Luis Severino","Yankees","71.0","55.1 %","","2.1 %","","","","33.9 %","","","","8.9 %","","","","15890"
"Felix Pena","Cubs","9.0","55.0 %","3.1 %","2.3 %","","","","29.5 %","9.3 %","","","0.8 %","","","","13403"
"Daniel Hudson","Diamondbacks","60.1","55.0 %","7.8 %","","","","","19.0 %","","","","18.1 %","","","","7146"
"Mike Clevinger","Indians","53.0","54.6 %","3.6 %","1.2 %","","","","17.4 %","5.8 %","","","17.3 %","","","","12808"
"Drew Butera","Royals","1.1","54.6 %","9.1 %","","","","","","","","","27.3 %","","9.1 %","","3411"
"Christian Bethancourt","Padres","1.2","54.6 %","13.6 %","4.6 %","","","","","","","","15.9 %","","11.4 %","","10028"
"Kyle Barraclough","Marlins","72.2","54.5 %","","","","","","41.9 %","","","","3.6 %","","","","13713"
"Jacob Barnes","Brewers","26.2","54.3 %","","7.4 %","","","","38.0 %","","","","0.3 %","","","","12323"
"Arquimedes Caminero","- - -","60.2","54.2 %","14.0 %","","10.3 %","","","21.5 %","","","","","","","","8992"
"Chris Withrow","Braves","37.2","54.2 %","","39.3 %","","","","","6.4 %","","","0.2 %","","","","7161"
"Curtis Partch","Pirates","0.2","54.2 %","","","","","","37.5 %","","","","8.3 %","","","","1333"
"Oliver Drake","Orioles","18.0","54.1 %","","","38.9 %","","","7.1 %","","","","","","","","8823"
"Edubray Ramos","Phillies","40.0","54.0 %","","","","","","34.1 %","10.5 %","","","1.3 %","","","","16086"
"A.J. Griffin","Rangers","119.0","54.0 %","","","","","","17.0 %","18.8 %","","","10.1 %","","","","11132"
"Ryan Tepera","Blue Jays","18.1","53.8 %","","40.3 %","","","","5.9 %","","","","","","","","10291"
"Jarred Cosart","- - -","57.0","53.8 %","","8.4 %","","","8.4 %","","","23.8 %","","5.7 %","","","","10304"
"Justin Verlander","Tigers","227.2","53.8 %","","","","","","18.1 %","15.8 %","","","12.4 %","","","","8700"
"Carlos Torres","Brewers","82.1","53.5 %","2.0 %","33.2 %","","","","","11.2 %","","","0.2 %","","","","7624"
"Nate Karns","Mariners","94.1","53.4 %","","","","","","","","36.4 %","","10.2 %","","","","12638"
"Matt Dermody","Blue Jays","3.0","53.3 %","1.7 %","","","","","41.7 %","","","","3.3 %","","","","14844"
"Edwin Jackson","- - -","84.0","53.2 %","0.7 %","","","","","31.7 %","8.8 %","","","5.7 %","","","","1841"
"Caleb Cotham","Reds","24.1","53.2 %","","4.5 %","","","","30.4 %","12.0 %","","","","","","","10075"
"Matt Moore","- - -","198.1","52.9 %","7.8 %","4.4 %","","","","","","22.1 %","","12.7 %","","","","1890"
"Joel Peralta","- - -","27.1","52.9 %","","","30.3 %","","","","16.8 %","","","","","","","2332"
"Ryan Merritt","Indians","11.0","52.8 %","6.3 %","3.9 %","","","","11.0 %","3.2 %","","","22.8 %","","","","13688"
"Justin Nicolino","Marlins","79.1","52.7 %","","17.8 %","","","","","12.0 %","","","17.4 %","","","","11754"
"Alex Colome","Rays","56.2","52.7 %","0.6 %","44.6 %","","","","","0.4 %","","","1.8 %","","","","6661"
"Brad Peacock","Astros","31.2","52.6 %","","","","","","30.7 %","","12.6 %","","4.1 %","","","","5401"
"Jon Lester","Cubs","202.2","52.4 %","","16.9 %","","","13.1 %","","12.7 %","","","4.9 %","","","","4930"
"Cody Reed","Reds","47.2","52.4 %","","0.1 %","","","","32.3 %","","","","15.2 %","","","","15232"
"Nick Goody","Yankees","29.0","52.4 %","","","","","","47.4 %","","","","0.2 %","","","","13685"
"David Paulino","Astros","7.0","52.4 %","","","","","","1.6 %","36.5 %","","","9.5 %","","","","17418"
"Matt Harvey","Mets","92.2","52.3 %","6.9 %","","","","","19.4 %","10.3 %","","","11.2 %","","","","11713"
"Mark Lowe","Tigers","49.1","52.2 %","3.4 %","","","","","41.7 %","","","","2.7 %","","","","7416"
"Jordan Zimmermann","Tigers","105.1","52.1 %","0.2 %","","","","","31.1 %","13.3 %","","","3.3 %","","","","4505"
"Ervin Santana","Twins","181.1","52.0 %","1.0 %","","","","","39.1 %","","","","7.9 %","","","","3200"
"Michael Wacha","Cardinals","138.0","52.0 %","","18.6 %","","","","","9.1 %","","","20.3 %","","","","14078"
"Ken Giles","Astros","65.2","52.0 %","0.1 %","","","","","47.9 %","","","","","","","","12910"
"Derek Law","Giants","55.0","52.0 %","","0.4 %","","","","19.4 %","23.5 %","","","4.8 %","","","","13133"
"Daniel Mengden","Athletics","72.0","51.9 %","4.2 %","","","","","16.9 %","12.0 %","","","15.0 %","","","","16980"
"Jorge Rondon","Pirates","3.2","51.9 %","7.6 %","","","","","40.5 %","","","","","","","","5791"
"Matt Belisle","Nationals","46.0","51.8 %","6.7 %","","","","","30.6 %","10.0 %","","","0.9 %","","","","1837"
"Jake McGee","Rockies","45.2","51.8 %","18.1 %","","","","","17.2 %","12.9 %","","","","","","","7550"
"Matt Carasiti","Rockies","15.2","51.8 %","6.5 %","2.6 %","","7.5 %","","","1.0 %","","","30.6 %","","","","13276"
"Hyun-Jin Ryu","Dodgers","4.2","51.8 %","4.7 %","","","","","11.8 %","12.9 %","","","18.8 %","","","","14444"
"Erik Goeddel","Mets","35.2","51.8 %","","0.6 %","","","","0.2 %","14.1 %","","","33.3 %","","","","11712"
"Mayckol Guaipe","Mariners","7.1","51.7 %","13.3 %","","","","","30.0 %","","","","5.0 %","","","","11663"
"Severino Gonzalez","Phillies","35.1","51.6 %","","1.3 %","","","12.8 %","","24.7 %","","","9.5 %","","","","14697"
"Chris Tillman","Orioles","172.0","51.6 %","","4.3 %","","","","15.7 %","","12.4 %","","16.1 %","","","","5279"
"Bryan Mitchell","Yankees","25.0","51.6 %","","23.7 %","","","","","21.4 %","","","3.4 %","","","","11479"
"Tommy Milone","Twins","69.1","51.5 %","1.3 %","1.4 %","","","","0.4 %","11.0 %","","","34.4 %","","","","7608"
"Kelvin Herrera","Royals","72.0","51.4 %","8.5 %","","","","","10.7 %","10.7 %","","","18.6 %","","","","6033"
"Brandon Maurer","Padres","69.2","51.4 %","3.8 %","","","","","32.1 %","","","","12.7 %","","","","4878"
"Stephen Strasburg","Nationals","147.2","51.2 %","6.4 %","","","","","16.8 %","12.7 %","","","13.0 %","","","","10131"
"Miguel Socolovich","Cardinals","18.0","51.1 %","","","","","","22.1 %","","","","26.8 %","","","","6697"
"Erik Johnson","- - -","31.1","50.9 %","5.8 %","","","","","26.2 %","9.6 %","","","7.5 %","","","","12520"
"German Marquez","Rockies","20.2","50.9 %","1.7 %","10.1 %","","","","","28.5 %","","","8.9 %","","","","15038"
"Adam Loewen","Diamondbacks","6.0","50.8 %","19.1 %","","","","","","23.8 %","","","6.4 %","","","","2134"
"Shawn Armstrong","Indians","10.2","50.8 %","","49.2 %","","","","","","","","","","","","12857"
"Javy Guerra","Angels","6.1","50.8 %","","2.3 %","","","","36.9 %","8.5 %","","","1.5 %","","","","7407"
"Carson Fulmer","White Sox","11.2","50.7 %","","27.5 %","","","","","8.1 %","","","13.7 %","","","","18311"
"Nefi Ogando","Marlins","15.2","50.7 %","18.5 %","","","","","30.8 %","","","","","","","","12253"
"Blaine Hardy","Tigers","25.2","50.6 %","","8.5 %","","","","","18.3 %","","","22.7 %","","","","6499"
"Clayton Kershaw","Dodgers","149.0","50.5 %","","","","","","33.3 %","15.6 %","","","0.6 %","","","","2036"
"Hector Rondon","Cubs","51.0","50.5 %","13.0 %","","","","0.1 %","33.6 %","","0.1 %","","2.7 %","","","","2391"
"Dillon Overton","Athletics","24.1","50.3 %","5.2 %","2.7 %","","","","1.2 %","9.1 %","","","31.6 %","","","","15627"
"Justin Marks","Rays","9.0","50.3 %","","","","","","20.8 %","8.1 %","","","20.8 %","","","","10265"
"Jose Fernandez","Marlins","182.1","50.3 %","3.0 %","","","","","","33.8 %","","","12.9 %","","","0.0 %","11530"
"Leonel Campos","Padres","22.0","50.3 %","2.4 %","","","","","38.4 %","","","","9.0 %","","","","12277"
"Luis Cessa","Yankees","70.1","50.2 %","0.1 %","","","","","27.6 %","11.7 %","","","10.4 %","","","","13345"
"Cody Martin","Mariners","25.2","50.1 %","4.3 %","10.0 %","","","","8.8 %","23.3 %","","","3.5 %","","","","12182"
"Mike Foltynewicz","Braves","123.1","50.1 %","12.6 %","","","","","21.4 %","7.8 %","","","8.2 %","","","","10811"
"Chase Anderson","Brewers","151.2","50.1 %","8.8 %","3.5 %","","","","","13.5 %","","","24.1 %","","","","6895"
"Glen Perkins","Twins","2.0","50.0 %","8.3 %","","","","","41.7 %","","","","","","","","8041"
"Robbie Erlin","Padres","15.2","50.0 %","","","","","","1.0 %","17.7 %","","","31.4 %","","","","10354"
"Branden Pinder","Yankees","1.0","50.0 %","","","","","","50.0 %","","","","","","","","12093"
"Jake Esch","Marlins","13.0","50.0 %","6.7 %","0.5 %","","","","29.5 %","10.5 %","","","2.9 %","","","","12756"
"Chasen Shreve","Yankees","33.0","49.9 %","","","","","","18.6 %","","","","31.3 %","","","0.2 %","10855"
"John Lamb","Reds","70.0","49.9 %","","19.8 %","","","","","13.3 %","","","17.0 %","","","","8493"
"Brian Matusz","- - -","9.0","49.8 %","2.0 %","","","","","24.4 %","8.8 %","","","15.1 %","","","","2646"
"Eduardo Rodriguez","Red Sox","107.0","49.8 %","17.5 %","","","","","16.1 %","","","","16.7 %","","","","13164"
"Joba Chamberlain","Indians","20.0","49.7 %","2.9 %","","","","","35.5 %","11.9 %","","","","","","","2692"
"Blake Wood","Reds","76.2","49.6 %","","","","","5.2 %","38.4 %","","","","6.9 %","","","","1345"
"Mike Wright","Orioles","74.2","49.6 %","20.9 %","","","","","15.6 %","6.3 %","","0.1 %","7.6 %","","","","12586"
"Johnny Barbato","Yankees","13.0","49.4 %","","0.4 %","","","","24.7 %","25.5 %","","","","","","","11440"
"Adam Morgan","Phillies","113.1","49.4 %","","","","","","25.0 %","5.5 %","","","20.1 %","","","","12580"
"Shelby Miller","Diamondbacks","101.0","49.3 %","14.6 %","19.5 %","","","","","11.7 %","","","4.9 %","","","","10197"
"Will Smith","- - -","40.1","49.3 %","0.8 %","","","","","38.6 %","11.3 %","","","","","","","8048"
"Junichi Tazawa","Red Sox","49.2","49.3 %","0.4 %","","","25.3 %","","11.5 %","13.6 %","","","","","","","4079"
"Chad Bettis","Rockies","186.0","49.1 %","9.8 %","","","","","19.8 %","10.4 %","","","10.9 %","","","","10587"
"David Huff","Angels","5.1","49.1 %","","19.4 %","","","","9.3 %","0.9 %","","","21.3 %","","","","4257"
"Yusmeiro Petit","Nationals","62.0","49.1 %","","2.4 %","","","","18.1 %","16.5 %","","","13.9 %","","","","4020"
"Craig Breslow","Marlins","14.0","49.1 %","4.3 %","","","","","26.7 %","2.9 %","","","17.1 %","","","","4363"
"Ryan Garton","Rays","39.1","48.8 %","","25.7 %","","","","3.5 %","20.2 %","","","1.7 %","","","","14016"
"David Hernandez","Phillies","72.2","48.8 %","15.2 %","","","","","","34.5 %","","","1.5 %","","","","4259"
"Jesse Chavez","- - -","67.0","48.7 %","6.0 %","20.4 %","","","","3.9 %","8.8 %","","","12.3 %","","","","5448"
"Chris Smith","Athletics","24.2","48.5 %","0.7 %","","","","","","26.0 %","","","24.8 %","","","","4544"
"Chris Archer","Rays","201.1","48.5 %","","","","","","40.6 %","","","","11.0 %","","","","6345"
"Anthony Swarzak","Yankees","31.0","48.4 %","0.2 %","","","","","51.4 %","","","","","","","","7466"
"Joe Mantiply","Tigers","2.2","48.3 %","13.3 %","","","","","16.7 %","1.7 %","","","20.0 %","","","","14857"
"Jose Leclerc","Rangers","15.0","48.3 %","12.8 %","1.2 %","","","","23.4 %","6.2 %","","","8.2 %","","","","14524"
"Chris Young","Royals","88.2","48.0 %","","","","","","50.0 %","","","","2.0 %","","","","3196"
"Nathan Eovaldi","Yankees","124.2","48.0 %","0.6 %","6.2 %","20.7 %","","","16.9 %","4.0 %","","","3.7 %","","","","9132"
"J.R. Graham","Twins","1.2","47.8 %","","","","","","47.8 %","","","","4.4 %","","","","12042"
"Wade Davis","Royals","43.1","47.7 %","1.8 %","31.9 %","","","","","","18.7 %","","","","","","7441"
"Dustin Antolin","Blue Jays","2.0","47.6 %","","2.4 %","","","","16.7 %","","","","33.3 %","","","","7119"
"Andrew Cashner","- - -","132.0","47.6 %","15.1 %","","","","","28.1 %","0.6 %","","","8.6 %","","","","8782"
"Chris Beck","White Sox","25.1","47.5 %","12.0 %","","","","","19.7 %","","","","20.8 %","","","","13418"
"Parker Bridwell","Orioles","3.1","47.5 %","","5.1 %","","","","28.8 %","","","","18.6 %","","","","11502"
"Danny Barnes","Blue Jays","13.2","47.4 %","19.2 %","0.4 %","","","","10.7 %","","","","22.2 %","","","","11388"
"Dan Straily","Reds","191.1","47.4 %","3.8 %","","","","","25.6 %","4.7 %","","","18.4 %","","","","9460"
"Julio Teheran","Braves","188.0","47.2 %","8.6 %","","","","","25.7 %","9.8 %","","","8.7 %","","","","6797"
"Hunter Strickland","Giants","61.0","47.2 %","26.0 %","","","","","","24.3 %","","","2.6 %","","","","7836"
"Matt Garza","Brewers","101.2","47.2 %","21.8 %","","","","","18.3 %","9.2 %","","","3.6 %","","","","3340"
"Matt Cain","Giants","89.1","47.1 %","3.0 %","","","","","24.9 %","14.0 %","","","11.1 %","","","","4732"
"Deolis Guerra","Angels","53.1","47.1 %","","","","","","","7.6 %","","","45.4 %","","","","8410"
"Brooks Pounders","Royals","12.2","47.0 %","1.2 %","0.4 %","","","","43.4 %","1.6 %","","","6.4 %","","","","10387"
"Aaron Blair","Braves","70.0","47.0 %","11.6 %","","","","","","21.9 %","","","19.5 %","","","","14934"
"Bud Norris","- - -","113.0","46.9 %","9.1 %","3.9 %","","","","37.3 %","","","","2.8 %","","","","9492"
"Jason Motte","Rockies","23.2","46.6 %","","44.3 %","","","","","4.6 %","","","4.6 %","","","","5861"
"Casey Fien","- - -","39.1","46.6 %","7.1 %","","","","","38.3 %","8.0 %","","","","","","","3926"
"Joely Rodriguez","Phillies","9.2","46.6 %","6.2 %","","","","","47.3 %","","","","","","","","11487"
"Matt Purke","White Sox","18.0","46.6 %","25.5 %","","10.6 %","","","12.7 %","1.2 %","","","3.4 %","","","","12831"
"Justin Grimm","Cubs","52.2","46.5 %","2.0 %","0.2 %","","","","3.8 %","47.5 %","","","","","","","11720"
"Joe Nathan","- - -","6.1","46.4 %","11.2 %","","","","","26.4 %","13.6 %","","","2.4 %","","","","1122"
"Justin Wilson","Tigers","58.2","46.3 %","15.1 %","33.2 %","","","","","4.2 %","","","1.2 %","","","","4301"
"Brandon Morrow","Padres","16.0","46.3 %","","","10.1 %","","1.3 %","42.3 %","","","","","","","","9346"
"Colby Lewis","Rangers","116.1","46.1 %","2.6 %","","","","","31.8 %","7.8 %","","","11.8 %","","","","1259"
"Ryan Pressly","Twins","75.1","46.0 %","8.4 %","","","","","30.7 %","14.9 %","","","","","","","7005"
"Christopher Devenski","Astros","108.1","45.9 %","","","","","","12.9 %","2.0 %","7.4 %","","31.7 %","","","","12763"
"Wei-Yin Chen","Marlins","123.1","45.7 %","14.8 %","","","","","18.1 %","9.9 %","","","11.5 %","","","","13071"
"Matt Andriese","Rays","127.2","45.1 %","0.8 %","8.7 %","","","","17.8 %","11.0 %","","","16.6 %","","","","12022"
"Michael Pineda","Yankees","175.2","45.0 %","3.7 %","2.5 %","","","","40.2 %","","","","8.5 %","","","","5372"
"Juan Minaya","White Sox","10.1","45.0 %","19.4 %","1.1 %","","","","19.4 %","15.0 %","","","","","","","10341"
"Chi Chi Gonzalez","Rangers","10.1","45.0 %","16.1 %","","","","","18.1 %","11.2 %","","","9.6 %","","","","14663"
"Tyler Clippard","- - -","63.0","44.9 %","","","19.9 %","","","","2.7 %","","","32.6 %","","","","5640"
"Ross Stripling","Dodgers","100.0","44.9 %","2.2 %","","","","","21.0 %","21.9 %","","","10.0 %","","","","13273"
"Rich Hill","- - -","110.1","44.8 %","2.1 %","","","","","1.2 %","49.7 %","","0.2 %","2.0 %","","","","4806"
"Tyler Olson","Yankees","2.2","44.7 %","","","","","25.5 %","","27.7 %","","","2.1 %","","","","14741"
"Chase Whitley","Rays","14.1","44.5 %","2.1 %","","","","","13.0 %","9.2 %","","","31.1 %","","","","10982"
"Cory Rasmus","Angels","24.2","44.4 %","0.4 %","","","","","22.7 %","13.1 %","","","19.4 %","","","","2413"
"Daniel Webb","White Sox","1.0","44.4 %","14.8 %","","","","","18.5 %","","","","22.2 %","","","","10558"
"Eddie Butler","Rockies","64.0","44.4 %","15.1 %","","","","","26.0 %","7.7 %","","","6.9 %","","","","13453"
"Alex Cobb","Rays","22.0","44.3 %","2.1 %","","","","","","","22.3 %","","31.4 %","","","","6562"
"Jacob deGrom","Mets","148.0","43.9 %","16.1 %","","","","","18.8 %","11.0 %","","","10.3 %","","","","10954"
"Rob Whalen","Braves","24.2","43.9 %","","","","","23.6 %","22.9 %","2.5 %","","","7.1 %","","","","14165"
"Jose Quintana","White Sox","208.0","43.8 %","23.1 %","","","","","","25.0 %","","","8.1 %","","","0.0 %","11423"
"Eduardo Escobar","Twins","1.0","43.8 %","","37.5 %","","","","","18.8 %","","","","","","","6153"
"Ariel Miranda","- - -","58.0","43.7 %","14.9 %","","26.4 %","","","14.3 %","0.1 %","","","0.6 %","","","","17526"
"Joe Kelly","Red Sox","40.0","43.4 %","21.8 %","","","","","18.1 %","10.3 %","","","6.4 %","","","","9761"
"Tyler Anderson","Rockies","114.1","43.4 %","1.7 %","24.9 %","0.2 %","","","1.3 %","1.1 %","","","27.4 %","","","","12880"
"Frank Herrmann","Phillies","15.0","43.4 %","19.0 %","","3.2 %","","","19.4 %","13.6 %","","","1.4 %","","","","7960"
"Mike Fiers","Astros","168.2","43.4 %","","12.9 %","","","","5.5 %","19.0 %","","","19.2 %","","","","7754"
"Daniel Stumpf","Phillies","5.0","43.0 %","2.0 %","","2.0 %","","","32.0 %","","","","21.0 %","","","","13780"
"Rob Zastryzny","Cubs","16.0","43.0 %","12.1 %","10.4 %","","","","13.3 %","19.3 %","","","2.0 %","","","","15094"
"Tony Sipp","Astros","43.2","43.0 %","5.1 %","","","","","35.4 %","","","","16.5 %","","","","8280"
"Jake Smith","Padres","4.0","42.9 %","","42.9 %","","","","1.8 %","1.8 %","","","10.7 %","","","","14379"
"Phil Hughes","Twins","59.0","42.8 %","7.8 %","22.8 %","","","","","","22.9 %","","3.8 %","","","","7450"
"Dominic Leone","Diamondbacks","27.0","42.7 %","12.3 %","26.9 %","","","","18.2 %","","","","","","","","13763"
"Steven Okert","Giants","14.0","42.5 %","10.5 %","26.3 %","","","","17.1 %","","","","3.5 %","","","","13580"
"Christian Bergman","Rockies","24.2","42.5 %","1.8 %","","","","","34.3 %","3.9 %","","","17.5 %","","","","10925"
"Chad Green","Yankees","45.2","42.5 %","11.8 %","6.5 %","","","","37.4 %","0.2 %","","","1.6 %","","","","15552"
"Dan Jennings","White Sox","60.2","42.5 %","19.5 %","","","","","38.1 %","","","","","","","","8073"
"Odrisamer Despaigne","- - -","30.1","42.5 %","","5.7 %","","","22.3 %","6.4 %","16.2 %","","","7.0 %","","","","16017"
"Logan Ondrusek","Orioles","6.1","42.3 %","","30.1 %","","","9.8 %","","9.8 %","","","8.1 %","","","","3677"
"Hunter Cervenka","- - -","43.1","42.3 %","","2.2 %","","","","49.8 %","5.8 %","","","","","","","10510"
"Tyler Wilson","Orioles","94.0","42.2 %","17.9 %","1.4 %","","","","","26.2 %","","","12.3 %","","","","12691"
"Liam Hendriks","Athletics","64.2","42.0 %","34.3 %","","","","","16.3 %","5.0 %","","","2.4 %","","","","3548"
"Josh Edgin","Mets","10.1","41.6 %","9.6 %","","","","","14.5 %","26.5 %","","","7.8 %","","","","10796"
"Tyler Sturdevant","Rays","18.1","41.4 %","1.6 %","37.1 %","","","","3.9 %","10.9 %","","","5.1 %","","","","6780"
"Lance McCullers","Astros","81.0","41.4 %","","","","","","","","49.6 %","","9.0 %","","","","14120"
"Zach Eflin","Phillies","63.1","41.2 %","21.2 %","","","","","26.9 %","2.7 %","","","8.0 %","","","","13774"
"Kevin McCarthy","Royals","8.1","41.0 %","19.9 %","1.8 %","","","","29.5 %","","","","7.8 %","","","","15240"
"Logan Verrett","Mets","91.2","40.9 %","16.3 %","","","","","25.1 %","8.4 %","","","9.3 %","","","","12905"
"Dario Alvarez","- - -","26.2","40.9 %","0.4 %","4.8 %","","","","","53.9 %","","","","","","","14239"
"Zack Greinke","Diamondbacks","158.2","40.8 %","10.5 %","","","","","20.8 %","10.4 %","","","17.5 %","","","","1943"
"Tom Koehler","Marlins","176.2","40.7 %","5.6 %","","","","","24.7 %","","22.6 %","","6.4 %","","","","6570"
"Alec Mills","Royals","3.1","40.7 %","30.2 %","","","","","1.2 %","16.3 %","","","11.6 %","","","","13834"
"Daniel Wright","- - -","39.2","40.5 %","10.4 %","1.4 %","","","","13.9 %","15.8 %","","","18.1 %","","","","15179"
"Pat Light","- - -","16.2","40.4 %","","5.0 %","30.2 %","","","20.8 %","2.8 %","","","0.3 %","","","0.6 %","13427"
"Yu Darvish","Rangers","100.1","40.4 %","18.6 %","10.3 %","2.5 %","","","20.8 %","7.4 %","","","","","","","13074"
"Braden Shipley","Diamondbacks","70.0","40.2 %","14.0 %","","","","","","24.6 %","","","21.2 %","","","","15158"
"Danny Farquhar","Rays","35.1","40.2 %","0.2 %","14.0 %","","","","","13.1 %","","","32.6 %","","","","8501"
"Dellin Betances","Yankees","73.0","40.1 %","","3.3 %","","","","","","56.6 %","","","","","","6216"
"Koji Uehara","Red Sox","47.0","40.1 %","9.7 %","","45.6 %","","","4.6 %","","","","","","","","9227"
"Mike Morin","Angels","55.2","40.0 %","0.4 %","","","","0.2 %","24.3 %","","","","35.1 %","","","","13442"
"Josh Phegley","Athletics","0.2","40.0 %","","20.0 %","","","","20.0 %","","","","20.0 %","","","","9308"
"Drew VerHagen","Tigers","19.0","39.9 %","23.9 %","","","","","","31.2 %","","","5.0 %","","","","13424"
"Alex Wimmers","Twins","17.1","39.7 %","","21.2 %","","","","0.3 %","6.3 %","","","32.5 %","","","","11394"
"Danny Duffy","Royals","179.2","39.7 %","19.5 %","","","","","","23.3 %","","0.3 %","17.2 %","","","","3542"
"Jonathan Holder","Yankees","8.1","39.6 %","","0.7 %","","","","44.4 %","15.3 %","","","","","","","16588"
"Brandon Cunniff","Braves","17.0","39.5 %","20.6 %","","","","","33.6 %","","","","6.3 %","","","","11509"
"Matt Koch","Diamondbacks","18.0","39.3 %","12.4 %","3.4 %","","","","35.5 %","4.7 %","","","4.7 %","","","","13420"
"Trevor Williams","Pirates","12.2","39.3 %","","","","","28.1 %","23.2 %","","","","9.4 %","","","","16977"
"Ian Krol","Braves","51.0","39.2 %","25.3 %","","","","","29.8 %","3.5 %","","","2.3 %","","","","10066"
"David Phelps","Marlins","86.2","39.1 %","24.1 %","16.1 %","","","","8.0 %","","11.4 %","","1.3 %","","","","6316"
"Gavin Floyd","Blue Jays","31.0","39.0 %","12.5 %","12.9 %","","","","","33.9 %","","","1.7 %","","","","3886"
"Tyler Chatwood","Rockies","158.0","38.8 %","35.7 %","16.3 %","","","","0.5 %","4.8 %","","","3.9 %","","","","4338"
"Jason Vargas","Royals","12.0","38.8 %","12.4 %","0.5 %","","","","","","14.4 %","","34.0 %","","","","8044"
"Casey Kelly","Braves","21.2","38.6 %","29.9 %","","","","","","21.9 %","","","9.6 %","","","","9174"
"Madison Bumgarner","Giants","226.2","38.6 %","11.0 %","","","","","31.8 %","15.1 %","","","3.4 %","","","","5524"
"Rafael Montero","Mets","19.0","38.5 %","18.5 %","","","","","20.8 %","","","","22.1 %","","","","12760"
"James Hoyt","Astros","22.0","38.5 %","1.9 %","","","","","55.0 %","1.9 %","","","2.7 %","","","","14605"
"Dylan Floro","Rays","15.0","38.5 %","1.2 %","1.6 %","","","31.6 %","20.9 %","2.1 %","","","4.1 %","","","","13394"
"Drew Pomeranz","- - -","170.2","38.4 %","9.3 %","4.2 %","","","","","","39.2 %","","9.0 %","","","","11426"
"Eric Surkamp","Athletics","38.2","38.3 %","34.2 %","","","","","0.4 %","19.0 %","","","8.1 %","","","","2540"
"Joe Musgrove","Astros","62.0","38.3 %","","1.7 %","","","8.6 %","33.1 %","10.0 %","","","8.4 %","","","","12970"
"Wade Miley","- - -","166.0","38.2 %","10.9 %","","","","","20.8 %","12.1 %","","","18.1 %","","","","8779"
"Homer Bailey","Reds","23.0","38.2 %","11.8 %","","","","","24.5 %","","8.7 %","","16.8 %","","","","8362"
"Cesar Ramos","Rangers","47.2","38.1 %","","","","","","21.2 %","15.3 %","","","25.5 %","","","","3357"
"Noah Syndergaard","Mets","183.2","37.8 %","","","","","21.6 %","21.1 %","8.3 %","","","11.1 %","","","","11762"
"Vicente Campos","Diamondbacks","5.2","37.8 %","","2.4 %","","","","8.5 %","7.3 %","","","43.9 %","","","","11681"
"Carlos Carrasco","Indians","146.1","37.8 %","15.1 %","","","","","12.3 %","14.3 %","","","20.5 %","","","","6632"
"Jake Thompson","Phillies","53.2","37.7 %","23.0 %","","","","","12.5 %","11.3 %","","","15.6 %","","","","14371"
"Jonathan Broxton","Cardinals","60.2","37.7 %","28.7 %","","","","","32.2 %","1.4 %","","","","","","","4759"
"Marco Estrada","Blue Jays","176.0","37.6 %","","22.1 %","","","","","10.7 %","","","29.7 %","","","","1118"
"Nick Vincent","Mariners","60.1","37.3 %","10.0 %","","","","","47.3 %","","","","5.3 %","","","","7555"
"Tom Wilhelmsen","- - -","46.1","37.3 %","13.0 %","","","","","24.4 %","18.8 %","","","6.4 %","","","","9975"
"Ryan Vogelsong","Pirates","82.1","37.3 %","12.1 %","","","","","21.9 %","15.6 %","","","13.1 %","","","","1011"
"John Lackey","Cubs","188.1","37.3 %","20.9 %","23.2 %","","","","","13.3 %","","","5.4 %","","","","1507"
"Josh Smith","Reds","59.2","37.3 %","3.2 %","","","","","35.2 %","22.8 %","","","1.6 %","","","","10946"
"Erasmo Ramirez","Rays","90.2","36.9 %","27.2 %","","","","","17.4 %","1.4 %","","","17.2 %","","","","10314"
"Kyle Ryan","Tigers","55.2","36.8 %","","25.5 %","","","23.4 %","","7.1 %","","","7.3 %","","","","11753"
"Gio Gonzalez","Nationals","177.1","36.7 %","27.0 %","","","","","","19.8 %","","","16.5 %","","","","7448"
"Tyler Lyons","Cardinals","48.0","36.6 %","9.6 %","","","","","37.2 %","1.0 %","","","15.6 %","","","","11334"
"Jerad Eickhoff","Phillies","197.1","36.5 %","16.1 %","","","","","18.1 %","24.1 %","","","5.1 %","","","","12664"
"Anibal Sanchez","Tigers","153.1","36.4 %","","6.6 %","16.2 %","","14.2 %","15.2 %","10.4 %","","","1.1 %","","","","3284"
"Zach Phillips","Pirates","6.2","36.3 %","","","","","13.3 %","29.2 %","","","","21.2 %","","","","99"
"Ross Detwiler","- - -","48.2","36.2 %","","","","","30.9 %","19.4 %","","","","13.6 %","","","","2859"
"David Hale","Rockies","2.0","36.2 %","27.7 %","","","","","","31.9 %","","","4.3 %","","","","9756"
"Michael Blazek","Brewers","41.1","36.0 %","14.8 %","","","","","28.4 %","20.7 %","","","","","","","9654"
"Oliver Perez","Nationals","40.0","35.9 %","","","","","21.4 %","42.6 %","","","","0.1 %","","","","1514"
"Joaquin Benoit","- - -","48.0","35.7 %","19.0 %","","","","","19.2 %","","","","26.1 %","","","","1437"
"A.J. Ramos","Marlins","64.0","35.6 %","5.6 %","1.9 %","","","","33.5 %","5.5 %","","","17.8 %","","","","8350"
"Adam Warren","- - -","65.1","35.5 %","7.5 %","0.6 %","","","","30.8 %","10.8 %","","","14.8 %","","","","9029"
"Sean Gilmartin","Mets","17.2","35.5 %","15.8 %","","","","","24.3 %","5.9 %","","","18.4 %","","","","12781"
"Tyler Danish","White Sox","1.2","35.1 %","46.0 %","","","","","10.8 %","","","","8.1 %","","","","15126"
"Matt Wisler","Braves","156.2","35.1 %","24.9 %","","","","","29.3 %","5.8 %","","","5.0 %","","","","12804"
"Andrew Miller","- - -","74.1","34.8 %","4.7 %","","","","","60.5 %","","","","","","","","6785"
"Brian Flynn","Royals","55.1","34.7 %","33.1 %","","","","","26.8 %","1.7 %","","","3.7 %","","","","12027"
"Boone Logan","Rockies","46.1","34.6 %","12.0 %","","","","","52.1 %","","","","1.2 %","","","","5525"
"Andrew Chafin","Diamondbacks","22.2","34.6 %","","","","","37.5 %","27.7 %","","","","0.3 %","","","","12988"
"Louis Coleman","Dodgers","48.0","34.5 %","6.8 %","","","","","58.7 %","","","","","","","","9720"
"Dustin McGowan","Marlins","67.0","34.4 %","30.9 %","","","","","30.4 %","","","","4.3 %","","","","8600"
"J.T. Chargois","Twins","23.0","34.3 %","27.2 %","","","","","27.5 %","","","","11.0 %","","","","13767"
"Tim Adleman","Reds","69.2","34.3 %","25.9 %","0.6 %","","","","","18.4 %","","","20.8 %","","","","10968"
"Ryan O'Rourke","Twins","25.0","34.1 %","10.3 %","","","","","35.3 %","1.0 %","","","19.3 %","","","","10976"
"Jharel Cotton","Athletics","29.1","34.0 %","13.5 %","","","","","16.4 %","7.8 %","","","28.3 %","","","","13654"
"Sonny Gray","Athletics","117.0","34.0 %","25.9 %","3.7 %","","","","11.8 %","15.6 %","","","9.0 %","","","","12768"
"James Russell","Phillies","4.1","33.6 %","6.9 %","9.5 %","","","","31.0 %","9.5 %","","","9.5 %","","","","4089"
"Jorge de la Rosa","Rockies","134.0","33.5 %","","22.7 %","34.1 %","","","","9.7 %","","","","","","","2047"
"Carlos Villanueva","Padres","74.0","33.3 %","12.0 %","","","","","28.3 %","14.2 %","","0.4 %","11.8 %","","","","4138"
"Jordan Lyles","Rockies","58.2","33.3 %","24.7 %","","","","","24.6 %","9.5 %","","","8.0 %","","","","7593"
"Colin Rea","- - -","102.2","33.1 %","27.8 %","16.6 %","5.0 %","","","","17.6 %","","","","","","","12317"
"Nick Martinez","Rangers","38.2","33.1 %","32.3 %","","","","","22.1 %","7.0 %","","","5.6 %","","","","12730"
"Brett Anderson","Dodgers","11.1","33.0 %","25.7 %","","","","","15.1 %","","13.6 %","","12.6 %","","","","8223"
"Tyson Ross","Padres","5.1","33.0 %","20.9 %","2.2 %","","","","42.9 %","","","","1.1 %","","","","7872"
"Alex Reyes","Cardinals","46.0","33.0 %","30.4 %","","","","","","12.1 %","","","24.5 %","","","","15015"
"Garrett Richards","Angels","34.2","32.7 %","21.0 %","7.7 %","","","","24.4 %","3.6 %","","","10.6 %","","","","9784"
"Randall Delgado","Diamondbacks","75.0","32.7 %","24.1 %","","","","","24.8 %","0.2 %","","","18.3 %","","","","5985"
"Robby Scott","Red Sox","6.0","32.7 %","11.2 %","","1.0 %","","10.2 %","16.3 %","18.4 %","","","10.2 %","","","","13042"
"Greg Mahle","Angels","18.1","32.5 %","19.4 %","","","","3.1 %","28.8 %","","","","16.3 %","","","","16877"
"Carlos Rodon","White Sox","165.0","32.4 %","30.9 %","","","","","26.1 %","","","","10.7 %","","","","16137"
"Darren O'Day","Orioles","31.0","32.3 %","","","","","22.7 %","45.0 %","","","","","","","","3321"
"Wandy Peralta","Reds","7.1","32.3 %","3.8 %","","0.8 %","","27.1 %","8.3 %","","","","27.8 %","","","","14295"
"A.J. Cole","Nationals","38.1","32.3 %","25.7 %","","","","","26.5 %","9.1 %","","","6.4 %","","","","11467"
"Brady Rodgers","Astros","8.1","32.1 %","12.4 %","7.8 %","","","","30.6 %","9.3 %","","","7.8 %","","","","13393"
"A.J. Achter","Angels","37.2","31.9 %","21.1 %","0.7 %","","","","7.8 %","","","","38.5 %","","","","11387"
"Michael Fulmer","Tigers","159.0","31.9 %","25.0 %","","","","","25.6 %","","","","17.5 %","","","","13218"
"Jon Moscot","Reds","21.1","31.7 %","20.3 %","","","","","28.1 %","10.4 %","","","9.4 %","","","","13849"
"Luis Avilan","Dodgers","19.2","31.5 %","13.5 %","1.0 %","","","","","6.4 %","","","47.6 %","","","","2882"
"Jake Odorizzi","Rays","187.2","31.4 %","28.9 %","7.0 %","19.4 %","","","9.3 %","4.0 %","","","","","","","6397"
"Jason Hammel","Cubs","166.2","31.3 %","20.6 %","","","","","35.2 %","10.4 %","","","2.6 %","","","","4538"
"Jeff Samardzija","Giants","203.1","31.1 %","16.7 %","20.1 %","9.1 %","","","17.4 %","5.6 %","","","","","","","3254"
"Phil Coke","- - -","10.0","31.1 %","28.1 %","","","","","23.2 %","","","","17.7 %","","","","5535"
"Anthony DeSclafani","Reds","123.1","31.1 %","26.7 %","","","","","29.7 %","","10.3 %","","2.3 %","","","","13050"
"Michael Lorenzen","Reds","50.0","30.9 %","22.9 %","","","","","38.6 %","6.2 %","","","1.5 %","","","","14843"
"Josh Tomlin","Indians","174.0","30.8 %","","38.2 %","","","8.4 %","","14.9 %","","","7.6 %","","","","9388"
"Patrick Corbin","Diamondbacks","155.2","30.7 %","32.9 %","","","","","26.5 %","","","","9.8 %","","","","9323"
"Jose Berrios","Twins","58.1","30.2 %","33.8 %","","","","","","21.6 %","","","14.4 %","","","","14168"
"Yohander Mendez","Rangers","3.0","30.1 %","2.7 %","","6.9 %","","5.5 %","15.1 %","11.0 %","","","28.8 %","","","","14391"
"Collin McHugh","Astros","184.2","29.3 %","6.7 %","28.8 %","","","","","30.0 %","","","5.2 %","","","","7531"
"Jake Peavy","Giants","118.2","29.3 %","15.0 %","33.1 %","","","","0.1 %","14.9 %","","","7.6 %","","","0.1 %","1051"
"CC Sabathia","Yankees","179.2","29.2 %","","","","","34.7 %","24.3 %","","","","11.8 %","","","","404"
"Daniel Coulombe","Athletics","47.2","29.1 %","","","","","","","32.6 %","","","38.3 %","","","","13293"
"Ubaldo Jimenez","Orioles","142.1","29.1 %","27.0 %","0.4 %","20.0 %","","","16.8 %","6.8 %","","","","","","","3374"
"Luke Hochevar","Royals","37.1","29.0 %","","46.8 %","","","4.5 %","","","19.7 %","","","","","","6943"
"Edwin Diaz","Mariners","51.2","28.9 %","37.8 %","","","","1.0 %","32.2 %","0.1 %","","","","","","","14710"
"Tyler Duffey","Twins","133.0","28.8 %","24.5 %","1.1 %","","","","","","38.7 %","","6.8 %","","","","13758"
"Jose Urena","Marlins","83.2","28.8 %","37.5 %","","","","","11.3 %","5.9 %","","","16.5 %","","","","11589"
"Miguel Gonzalez","White Sox","135.0","28.8 %","18.8 %","","","","","23.3 %","9.5 %","","","19.7 %","","","","7024"
"John Danks","White Sox","22.1","28.7 %","15.3 %","16.3 %","","","","","10.1 %","","","29.7 %","","","","6329"
"Jason Gurka","Rockies","9.2","28.6 %","31.8 %","","","","","","24.0 %","","","15.6 %","","","","8007"
"Daniel Winkler","Braves","2.1","28.6 %","","17.9 %","","","","21.4 %","25.0 %","","","7.1 %","","","","12237"
"Adalberto Mejia","Twins","2.1","28.6 %","16.7 %","","","","","7.1 %","21.4 %","","","26.2 %","","","","13188"
"Kyle Lobstein","Pirates","25.0","28.5 %","","18.4 %","","","38.8 %","","6.9 %","","","7.4 %","","","","9178"
"Sean O'Sullivan","Red Sox","21.1","28.5 %","","","","","26.3 %","31.6 %","8.7 %","","","5.0 %","","","","9137"
"Jon Niese","- - -","121.0","28.4 %","28.7 %","22.8 %","","","","0.5 %","8.9 %","","","10.6 %","","","","4424"
"Jaime Garcia","Cardinals","171.2","28.4 %","33.2 %","2.4 %","","","","12.5 %","5.2 %","","","18.3 %","","","","8137"
"Ty Blach","Giants","17.0","28.3 %","35.8 %","","0.8 %","","","21.3 %","2.9 %","","","10.8 %","","","","14361"
"Francisco Rodriguez","Tigers","58.1","28.2 %","19.5 %","","","","","","11.1 %","","","41.3 %","","","","1642"
"Brent Suter","Brewers","21.2","28.0 %","6.3 %","0.9 %","","","","29.4 %","9.2 %","","","26.2 %","","","","13942"
"Kyle Gibson","Twins","147.1","27.8 %","27.2 %","","","","","17.2 %","11.6 %","","","16.2 %","","","","10123"
"Kenta Maeda","Dodgers","175.2","27.8 %","15.3 %","","","","","29.6 %","17.9 %","","","9.5 %","","","","18498"
"Tyler Wagner","Diamondbacks","10.0","27.6 %","4.1 %","33.1 %","","","","","13.8 %","","","21.4 %","","","","13796"
"Brad Hand","Padres","89.1","27.6 %","33.7 %","","","","","6.4 %","31.4 %","","","1.0 %","","","","9111"
"Ryan Goins","Blue Jays","1.0","27.3 %","","9.1 %","","","","","9.1 %","","","45.5 %","","9.1 %","","9807"
"Nick Tepesch","Dodgers","4.0","27.3 %","","","","","15.2 %","34.9 %","21.2 %","","","1.5 %","","","","11716"
"Josh Ravin","Dodgers","9.2","27.2 %","","","","","44.2 %","28.6 %","","","","","","","","2951"
"Carlos Martinez","Cardinals","195.1","27.2 %","30.1 %","","","","","","23.5 %","","","19.2 %","","","","11682"
"Alex Wilson","Tigers","73.0","27.1 %","28.6 %","1.4 %","","","","37.5 %","4.1 %","","","1.3 %","","","","9239"
"Jeremy Hellickson","Phillies","189.0","26.7 %","23.1 %","","","","","9.9 %","15.3 %","","","25.1 %","","","","4371"
"Vin Mazzaro","Giants","1.0","26.7 %","42.2 %","","","","","24.4 %","","","","6.7 %","","","","5231"
"Jhoulys Chacin","- - -","144.0","26.6 %","30.7 %","4.3 %","","","","22.0 %","9.6 %","","","6.9 %","","","","2608"
"Rob Scahill","- - -","34.2","26.5 %","47.7 %","","","","","18.4 %","6.4 %","","","1.0 %","","","","9286"
"Brett Cecil","Blue Jays","36.2","26.4 %","","0.9 %","","","21.2 %","","45.5 %","","","6.0 %","","","","2660"
"Wily Peralta","Brewers","127.2","26.3 %","37.1 %","","","","","32.2 %","","","","4.4 %","","","","7738"
"Austin Brice","Marlins","14.0","26.2 %","2.5 %","1.5 %","","","34.7 %","17.8 %","17.3 %","","","","","","","17237"
"Bartolo Colon","Mets","191.2","26.2 %","62.9 %","","","","","6.9 %","","","","4.1 %","","","","375"
"Trevor Bauer","Indians","190.0","26.1 %","24.7 %","17.3 %","","","","","19.5 %","","","12.5 %","","","","12703"
"Matt Bowman","Cardinals","67.2","26.0 %","36.9 %","","","","","22.7 %","","","","14.5 %","","","","13528"
"Seth Lugo","Mets","64.0","26.0 %","30.5 %","0.2 %","","","","18.8 %","16.5 %","","","8.1 %","","","","12447"
"Tommy Hunter","- - -","34.0","25.9 %","33.7 %","20.5 %","","","","","19.7 %","","","0.2 %","","","","1157"
"Brandon McCarthy","Dodgers","40.0","25.5 %","","24.9 %","","","20.4 %","","29.2 %","","","","","","","4662"
"Jose Alvarez","Angels","57.1","25.4 %","22.5 %","","","","","28.3 %","6.1 %","","","17.7 %","","","","5358"
"Jacob Turner","White Sox","24.2","25.3 %","45.5 %","3.8 %","","","","","17.3 %","","","8.2 %","","","","10185"
"James Shields","- - -","181.2","25.1 %","18.1 %","18.9 %","","","","","","16.4 %","","21.5 %","","","","7059"
"Jayson Aquino","Orioles","2.1","25.0 %","21.9 %","3.1 %","","","","15.6 %","15.6 %","","","18.8 %","","","","13150"
"Yovani Gallardo","Orioles","118.0","25.0 %","19.7 %","","","","","34.0 %","12.6 %","","","8.8 %","","","","8173"
"Martin Perez","Rangers","198.2","24.8 %","37.1 %","","","","","9.7 %","11.7 %","","","16.7 %","","","","6902"
"Albert Suarez","Giants","84.0","24.6 %","","0.1 %","","","32.9 %","19.3 %","11.2 %","","","12.0 %","","","","6175"
"Cole Hamels","Rangers","200.2","24.6 %","29.4 %","13.1 %","","","","","14.7 %","","","18.3 %","","","","4972"
"Rick Porcello","Red Sox","223.0","24.3 %","35.4 %","","","","","13.2 %","13.8 %","","","13.3 %","","","","2717"
"Brett Oberholtzer","- - -","70.1","24.2 %","33.6 %","","","","","7.8 %","","7.6 %","","26.8 %","","","","3855"
"Ricky Nolasco","- - -","197.2","24.1 %","24.4 %","","7.6 %","","","32.8 %","11.0 %","","","","","","","3830"
"Mat Latos","- - -","70.0","24.1 %","13.7 %","14.7 %","16.3 %","","","15.1 %","5.8 %","","","10.2 %","","","","3815"
"Raisel Iglesias","Reds","78.1","23.9 %","","","","","38.0 %","31.4 %","","","","6.8 %","","","","17130"
"Chris Bassitt","Athletics","28.0","23.9 %","","","","","35.4 %","14.1 %","18.9 %","","","7.8 %","","","","12304"
"Dan Otero","Indians","70.2","23.8 %","","","","","54.3 %","8.1 %","2.6 %","","","11.1 %","","","","7385"
"Pedro Strop","Cubs","47.1","23.7 %","18.7 %","","","","","49.8 %","","","","7.8 %","","","","4070"
"Phil Klein","- - -","19.1","23.5 %","39.8 %","","","","","23.3 %","5.6 %","","","7.8 %","","","","12675"
"David Goforth","Brewers","10.2","23.5 %","24.5 %","","","","","50.5 %","1.5 %","","","","","","","12166"
"Yordano Ventura","Royals","186.0","23.4 %","31.3 %","1.7 %","","","","","25.3 %","","","18.4 %","","","","11855"
"Jameson Taillon","Pirates","104.0","23.3 %","39.7 %","0.2 %","","","","","26.3 %","","","10.6 %","","","","11674"
"Johnny Cueto","Giants","219.2","23.2 %","22.2 %","15.8 %","","","","19.3 %","0.3 %","","","19.2 %","","","","6893"
"Chris Narveson","Marlins","8.1","23.0 %","24.6 %","28.6 %","","","","","8.7 %","","","15.1 %","","","","2141"
"Jimmy Nelson","Brewers","179.1","22.6 %","","","","","48.4 %","17.5 %","","10.7 %","","0.8 %","","","","10547"
"Brian Duensing","Orioles","13.1","22.4 %","","","","","32.7 %","22.0 %","9.8 %","","","13.2 %","","","","4064"
"Hector Neris","Phillies","80.1","22.2 %","24.2 %","","49.7 %","","","3.0 %","","","","1.0 %","","","","11804"
"Zach Neal","Athletics","70.0","22.2 %","39.7 %","20.7 %","","","","1.3 %","2.2 %","","","14.0 %","","","","11294"
"Luis Garcia","Phillies","15.1","22.0 %","37.3 %","","","","","40.8 %","","","","","","","","6984"
"Michael Roth","Rangers","3.2","22.0 %","","","","","59.8 %","17.1 %","","","","1.2 %","","","","13736"
"Aaron Sanchez","Blue Jays","192.0","21.7 %","52.8 %","","","","","0.1 %","16.2 %","","","9.3 %","","","","11490"
"Roenis Elias","Red Sox","7.2","21.7 %","36.7 %","","","","","","25.0 %","","","16.7 %","","","","12673"
"Doug Fister","Astros","180.1","21.6 %","44.0 %","13.2 %","","","","","14.7 %","","","6.6 %","","","","9425"
"Vidal Nuno","Mariners","58.2","21.6 %","8.9 %","","","","","39.7 %","9.6 %","","","20.3 %","","","","9674"
"Mike Bolsinger","Dodgers","27.2","21.5 %","","21.0 %","","","","28.3 %","27.3 %","","","1.9 %","","","","11137"
"Seth Maness","Cardinals","31.2","21.3 %","","","","","48.0 %","2.5 %","3.1 %","","","25.2 %","","","","12235"
"Matt Shoemaker","Angels","160.0","21.3 %","29.6 %","","","","","7.9 %","","1.1 %","","40.2 %","","","","4776"
"Joe Blanton","Dodgers","80.0","21.0 %","","","","","9.6 %","43.0 %","14.8 %","","","11.7 %","","","","4849"
"Robert Gsellman","Mets","44.2","20.9 %","42.7 %","","","","","20.5 %","10.7 %","","","5.2 %","","","","13696"
"Jake Arrieta","Cubs","197.1","20.8 %","","","","","44.1 %","18.0 %","12.3 %","","","4.7 %","","","","4153"
"Josh Osich","Giants","36.1","20.7 %","50.1 %","17.8 %","","","","","","","","11.4 %","","","","11528"
"Gabriel Ynoa","Mets","18.1","20.7 %","0.3 %","","","","37.2 %","34.4 %","2.8 %","","","4.6 %","","","","12938"
"Jhan Marinez","- - -","62.1","20.6 %","55.5 %","","","","","23.6 %","0.3 %","","","","","","","5830"
"Adam Ottavino","Rockies","27.0","20.4 %","32.3 %","3.0 %","","","","43.3 %","","","","1.1 %","","","","1247"
"Blaine Boyer","Brewers","66.0","20.3 %","39.9 %","","","","","29.1 %","9.9 %","","","0.8 %","","","","2237"
"Koda Glover","Nationals","19.2","19.8 %","","8.4 %","","","25.0 %","38.0 %","8.1 %","","","0.7 %","","","","17695"
"Fernando Abad","- - -","46.2","19.7 %","36.3 %","0.6 %","","","","","","27.1 %","","16.2 %","","","","4994"
"Shane Greene","Tigers","60.1","19.6 %","25.2 %","","","","","46.6 %","7.9 %","","","0.7 %","","","","10756"
"Hisashi Iwakuma","Mariners","199.0","19.4 %","","5.3 %","17.9 %","","26.3 %","22.1 %","8.9 %","","","","","","","13048"
"Taylor Rogers","Twins","61.1","19.3 %","37.4 %","","","","","2.1 %","40.9 %","","","0.3 %","","","","13449"
"Jesse Hahn","Athletics","46.1","19.1 %","52.9 %","","","","","","20.4 %","","","7.6 %","","","","13287"
"Alfredo Simon","Reds","58.2","18.9 %","30.3 %","17.8 %","21.3 %","","","","11.3 %","","0.5 %","","","","","2155"
"Darwin Barney","Blue Jays","1.0","18.8 %","","","","","","6.3 %","","","","75.0 %","","","","2430"
"Jered Weaver","Angels","178.0","18.4 %","14.8 %","","","","","17.1 %","21.2 %","","","28.6 %","","","0.0 %","4235"
"Drew Storen","- - -","51.2","18.1 %","","","","","27.2 %","37.0 %","","","","17.7 %","","","","6983"
"Vance Worley","Orioles","86.2","18.1 %","44.0 %","13.5 %","","","","14.7 %","","7.3 %","","2.4 %","","","","6435"
"Donnie Hart","Orioles","18.1","18.0 %","","","","","27.7 %","39.7 %","","","","14.6 %","","","","15306"
"Michael Mariot","Phillies","21.2","17.9 %","36.6 %","","","","","39.6 %","4.8 %","","","1.1 %","","","","10835"
"Chris Rusin","Rockies","84.1","17.9 %","","18.2 %","","","37.5 %","","8.3 %","","","18.2 %","","","","9895"
"Aaron Nola","Phillies","111.0","17.8 %","40.1 %","","","","","","33.8 %","","","8.4 %","","","","16149"
"Clay Buchholz","Red Sox","139.1","17.7 %","24.0 %","21.1 %","1.2 %","","","","18.8 %","","","17.2 %","","","","3543"
"Andrew Romine","Tigers","0.2","17.7 %","","11.8 %","","","","","","","","58.8 %","","11.8 %","","1159"
"Zach Putnam","White Sox","27.1","17.5 %","11.2 %","3.2 %","68.1 %","","","","","","","","","","","9080"
"Christian Friedrich","Padres","129.1","17.4 %","31.9 %","","","","","16.3 %","23.0 %","","","11.5 %","","","","7942"
"Chad Girodo","Blue Jays","10.1","17.4 %","4.2 %","","","","37.5 %","25.0 %","","","","16.0 %","","","","15542"
"Felix Hernandez","Mariners","153.1","17.0 %","","","","","30.7 %","5.8 %","19.8 %","","","26.8 %","","","","4772"
"Wade LeBlanc","- - -","62.0","16.7 %","25.7 %","19.9 %","","","","0.6 %","7.1 %","","","30.0 %","","","","5221"
"Evan Marshall","Diamondbacks","15.1","16.2 %","44.2 %","","","","","23.4 %","","","","16.2 %","","","","12297"
"Santiago Casilla","Giants","58.0","16.2 %","37.5 %","","","","","17.5 %","","26.0 %","","3.0 %","","","","2873"
"Corey Kluber","Indians","215.0","15.5 %","","","","","37.4 %","23.1 %","19.3 %","","","4.7 %","","","","2429"
"Nick Tropeano","Angels","68.1","15.2 %","34.6 %","","","","","27.4 %","","","","22.9 %","","","","12385"
"George Kontos","Giants","53.1","15.1 %","21.2 %","40.7 %","","","","20.1 %","0.5 %","","","2.4 %","","","","9486"
"Mark Melancon","- - -","71.1","15.1 %","","58.8 %","0.3 %","","","","","25.9 %","","","","","","4264"
"Steven Wright","Red Sox","156.2","14.9 %","","","","","","","15.5 %","","","","","69.6 %","","8185"
"Jeurys Familia","Mets","77.2","14.9 %","","","1.1 %","","64.0 %","20.0 %","","","","","","","","5114"
"Eric O'Flaherty","Braves","28.2","14.8 %","","","","","57.4 %","27.1 %","","","","0.7 %","","","","5746"
"Chris Heston","Giants","5.0","14.7 %","","","","","37.3 %","19.6 %","19.6 %","","","8.8 %","","","","10302"
"Tony Barnette","Rangers","60.1","14.4 %","","30.3 %","6.9 %","","18.8 %","14.1 %","12.7 %","","","2.8 %","","","","3555"
"T.J. McFarland","Orioles","24.2","14.2 %","55.0 %","","","","","17.7 %","","","","13.1 %","","","","3237"
"Joe Smith","- - -","52.0","14.0 %","","","","","48.0 %","34.3 %","","","","3.7 %","","","","3281"
"Tommy Layne","- - -","44.2","13.7 %","37.3 %","","","","","26.4 %","20.5 %","","","2.2 %","","","","7501"
"A.J. Morris","Reds","10.0","13.5 %","","50.5 %","","","","33.3 %","1.6 %","","","1.0 %","","","","9919"
"Luke Gregerson","Astros","57.2","13.5 %","39.1 %","0.8 %","","","","45.5 %","","","","1.1 %","","","","4090"
"Jerome Williams","Cardinals","17.1","13.5 %","","28.4 %","","","36.3 %","2.8 %","0.7 %","","","18.3 %","","","","1137"
"Sam Dyson","Rangers","70.1","13.4 %","56.0 %","","","","","1.6 %","9.7 %","","","19.3 %","","","","11710"
"Tim Lincecum","Angels","38.1","13.3 %","29.2 %","","","","","6.8 %","8.8 %","","","41.9 %","","","","5705"
"Adam Wainwright","Cardinals","198.2","13.2 %","","30.2 %","","","27.4 %","","26.8 %","","","2.4 %","","","","2233"
"Drew Hayes","Reds","9.2","13.1 %","","57.1 %","","","","17.8 %","3.1 %","","","8.9 %","","","","10528"
"Perci Garner","Indians","9.1","13.0 %","","","","","76.8 %","1.1 %","9.0 %","","","","","","","10887"
"Kris Medlen","Royals","24.1","12.8 %","41.7 %","","","","","17.9 %","12.8 %","","","14.7 %","","","","9417"
"Clayton Richard","- - -","67.2","12.8 %","60.9 %","","","","","2.7 %","10.5 %","","","13.1 %","","","","3551"
"R.A. Dickey","Blue Jays","169.2","12.7 %","","","","","","","","","2.7 %","","","84.6 %","","1245"
"Tyler Ladendorf","Athletics","1.0","12.5 %","","25.0 %","","","","","6.3 %","","","56.3 %","","","","3211"
"Roberto Hernandez","Braves","9.0","12.5 %","","","","","43.5 %","17.9 %","","","","26.2 %","","","","3273"
"Al Alburquerque","Angels","2.0","12.5 %","20.8 %","","","","","66.7 %","","","","","","","","6324"
"David Price","Red Sox","230.0","12.4 %","37.2 %","19.2 %","","","","","","8.8 %","","22.5 %","","","","3184"
"Marcus Stroman","Blue Jays","204.0","12.4 %","43.9 %","19.5 %","","","","11.4 %","7.9 %","","","5.1 %","","","","13431"
"Zack Godley","Diamondbacks","74.2","12.2 %","","27.1 %","","","25.5 %","","25.2 %","","","10.0 %","","","","14862"
"Tyler White","Astros","1.0","11.8 %","","","","","","","5.9 %","","","82.4 %","","","","15564"
"Logan Kensing","Tigers","4.2","11.7 %","54.6 %","","","","","","31.2 %","","","2.6 %","","","","6166"
"Ariel Pena","Brewers","1.2","11.6 %","55.8 %","","","","","30.2 %","","","","2.3 %","","","","10240"
"Charlie Morton","Phillies","17.1","11.6 %","54.7 %","","9.8 %","","","","23.9 %","","","","","","","4676"
"Kyle Drabek","Diamondbacks","2.0","11.5 %","44.2 %","15.4 %","","","","","3.9 %","","","25.0 %","","","","4359"
"Ivan Nova","- - -","162.0","11.5 %","53.3 %","","","","","2.3 %","28.3 %","","","4.6 %","","","","1994"
"Edinson Volquez","Royals","189.1","11.5 %","","","","","41.5 %","","","24.7 %","","22.2 %","","","0.1 %","3990"
"Brandon Finnegan","Reds","172.0","11.3 %","","","","","53.7 %","23.5 %","","","","11.6 %","","","","16208"
"Richard Bleier","Yankees","23.0","11.2 %","3.7 %","","","","48.1 %","23.2 %","","","","13.8 %","","","","7803"
"Jim Johnson","Braves","64.2","10.7 %","58.3 %","","","","","","25.1 %","","","6.0 %","","","","3656"
"Fernando Rodney","- - -","65.1","10.5 %","47.1 %","","","","","","","","","42.4 %","","","","494"
"Dallas Keuchel","Astros","168.0","10.4 %","40.7 %","13.3 %","","","","26.3 %","","","","9.3 %","","","","9434"
"Jeremy Jeffress","- - -","58.0","10.3 %","62.9 %","","","","1.2 %","","15.1 %","5.7 %","","4.8 %","","","","9490"
"Chad Kuhl","Pirates","70.2","10.2 %","","","","","56.8 %","27.5 %","","","","5.6 %","","","","14975"
"Franklin Morales","Blue Jays","4.0","10.2 %","15.3 %","","","","","20.3 %","22.0 %","","","32.2 %","","","","5088"
"Carlos Frias","Dodgers","4.0","9.6 %","30.8 %","40.4 %","","","","","11.5 %","","","7.7 %","","","","3547"
"Lucas Harrell","- - -","47.0","9.5 %","49.6 %","","","","","18.5 %","14.5 %","","","7.9 %","","","","7541"
"Dillon Gee","Royals","125.0","9.1 %","35.6 %","20.8 %","","","","1.0 %","","16.6 %","","17.0 %","","","","7396"
"Alec Asher","Phillies","27.2","9.0 %","50.4 %","","","","","1.7 %","21.9 %","","","17.1 %","","","","13560"
"Luis Perdomo","Padres","146.2","9.0 %","53.6 %","","","","","","23.6 %","","","13.7 %","","","","14682"
"Scott Feldman","- - -","77.0","9.0 %","","33.0 %","","","28.8 %","","24.9 %","","","4.2 %","","","0.1 %","6283"
"Sergio Romo","Giants","30.2","8.4 %","","","","","22.3 %","63.5 %","","","","5.8 %","","","","9817"
"Matt Thornton","Padres","17.0","8.2 %","56.8 %","28.6 %","","","","6.4 %","","","","","","","","1918"
"Trevor Cahill","Cubs","65.2","8.1 %","","","","","46.3 %","2.7 %","","19.1 %","","23.8 %","","","","6249"
"Dalier Hinojosa","Phillies","11.0","8.0 %","47.2 %","","","","","27.8 %","","","","17.1 %","","","","15671"
"Chaz Roe","- - -","29.2","7.9 %","36.5 %","","","","","29.2 %","26.4 %","","","","","","","9866"
"Patrick Schuster","- - -","8.2","7.9 %","0.5 %","","","","36.1 %","33.8 %","11.1 %","","","10.7 %","","","","10029"
"Dean Kiekhefer","Cardinals","22.0","7.8 %","47.8 %","","2.9 %","","","22.5 %","","","","19.0 %","","","","10529"
"Zach Duke","- - -","61.0","7.7 %","51.6 %","","","","","15.6 %","20.8 %","","","4.4 %","","","","3840"
"Kendall Graveman","Athletics","186.0","7.6 %","","17.0 %","","","61.2 %","6.8 %","","","","7.5 %","","","","15514"
"Bryan Morris","Marlins","17.2","7.5 %","","31.4 %","","","50.7 %","","10.4 %","","","","","","","10234"
"Brandon Kintzler","Twins","54.1","7.3 %","","","","","82.2 %","6.7 %","","","","3.9 %","","","","9939"
"Scott Carroll","White Sox","2.1","7.0 %","58.1 %","","","","","14.0 %","4.7 %","","","16.3 %","","","","888"
"Kendry Flores","Marlins","3.0","6.8 %","64.4 %","10.2 %","","","","","5.1 %","","","13.6 %","","","","12118"
"Andrew Albers","Twins","17.0","6.8 %","","","","","59.5 %","22.4 %","8.3 %","","","3.1 %","","","","7853"
"Mike Leake","Cardinals","176.2","6.6 %","","17.5 %","","","52.6 %","8.6 %","","6.3 %","","8.6 %","","","","10130"
"Masahiro Tanaka","Yankees","199.2","6.5 %","","9.2 %","30.2 %","","21.1 %","27.5 %","5.5 %","","","","","","","15764"
"Jared Hughes","Pirates","59.1","6.3 %","","","","","75.5 %","11.9 %","","","","6.4 %","","","","9325"
"Scott Kazmir","Dodgers","136.1","5.7 %","48.9 %","10.5 %","","","","8.8 %","7.3 %","","","18.8 %","","","","4897"
"David Robertson","White Sox","62.1","5.7 %","","61.4 %","","","","","","30.5 %","","2.4 %","","","","8241"
"Andrew Triggs","Athletics","56.1","5.2 %","47.0 %","","","","3.7 %","22.0 %","20.3 %","","","1.8 %","","","","13533"
"Will Harris","Astros","64.0","4.9 %","","61.7 %","","","","","33.5 %","","","","","","","3192"
"Erik Kratz","- - -","2.0","4.8 %","","7.1 %","","","","2.4 %","","","","71.4 %","","14.3 %","","4403"
"Jeff Locke","Pirates","127.1","4.5 %","60.7 %","","","","3.5 %","","","1.4 %","","29.9 %","","","","2929"
"Chien-Ming Wang","Royals","53.1","4.2 %","","","4.6 %","","80.3 %","9.8 %","1.1 %","","","","","","","2074"
"Kenley Jansen","Dodgers","68.2","4.0 %","","89.7 %","","","","6.2 %","","","","","","","","3096"
"Arodys Vizcaino","Braves","38.2","3.8 %","57.6 %","","","","","37.0 %","","","","1.6 %","","","","5498"
"Blake Treinen","Nationals","67.0","3.6 %","","","","","65.4 %","30.1 %","","","","0.9 %","","","","12572"
"Jeff Manship","Indians","43.1","3.5 %","47.2 %","","","","","","48.8 %","","","0.5 %","","","","6865"
"Tanner Roark","Nationals","210.0","3.4 %","58.9 %","","","","","15.4 %","12.4 %","","","9.8 %","","","","8753"
"Dana Eveland","Rays","23.0","3.3 %","46.4 %","","","","","46.4 %","","","","3.8 %","","","","5508"
"Kyle Hendricks","Cubs","190.0","3.3 %","","16.2 %","","","45.6 %","","7.8 %","","","27.1 %","","","","12049"
"Mike Pelfrey","Tigers","119.0","2.6 %","","","15.8 %","","67.1 %","9.7 %","4.8 %","","","","","","","5203"
"Francisco Liriano","- - -","163.0","2.5 %","49.1 %","","","","","29.0 %","0.1 %","","","19.4 %","","","","3201"
"Jake Buchanan","Cubs","6.0","2.4 %","","","","","54.9 %","15.9 %","12.2 %","","","14.6 %","","","","10962"
"Paul Clemens","- - -","71.1","2.1 %","63.4 %","","","","","","30.9 %","","","3.6 %","","","","8037"
"James Pazos","Yankees","3.1","1.7 %","","","","","63.8 %","34.5 %","","","","","","","","13323"
"Layne Somsen","Reds","2.1","1.7 %","","8.6 %","","","","55.2 %","31.0 %","","","1.7 %","","","1.7 %","15301"
"Matt Albers","White Sox","51.1","1.7 %","","","","","72.9 %","10.5 %","2.6 %","","","12.3 %","","","","4300"
"Steve Cishek","Mariners","64.0","1.7 %","","","","","47.2 %","50.1 %","","","","1.0 %","","","","6483"
"Joel De La Cruz","Braves","62.2","1.6 %","","","","","51.0 %","25.1 %","","","","22.4 %","","","","12825"
"Derek Holland","Rangers","107.1","1.4 %","","","","","59.1 %","19.4 %","","7.5 %","","12.5 %","","","","4141"
"Joe Ross","Nationals","105.0","1.1 %","","","","","52.2 %","38.6 %","","","","8.2 %","","","","12972"
"Cody Ege","- - -","11.2","1.0 %","36.1 %","","","","4.4 %","3.9 %","18.5 %","","","36.1 %","","","","15928"
"Zach Britton","Orioles","67.0","0.5 %","91.7 %","","","","","7.9 %","","","","","","","","3240"
"Eddie Gamboa","Rays","13.1","0.5 %","9.1 %","5.9 %","","","","10.9 %","","","","14.1 %","","59.6 %","","6911"
"Noe Ramirez","Red Sox","13.0","0.5 %","47.7 %","","","","","","22.7 %","","","29.1 %","","","","12800"
"Jeanmar Gomez","Phillies","68.2","0.4 %","","","","","64.2 %","12.1 %","0.4 %","","","22.8 %","","","","9033"
"Jerry Blevins","Mets","42.0","0.1 %","","","","","50.9 %","10.8 %","31.3 %","","","6.9 %","","","","7841"
"Cory Gearrin","Giants","48.1","0.1 %","0.3 %","","","","54.9 %","40.2 %","","","","4.5 %","","","","7947"
"Steven Matz","Mets","132.1","0.1 %","","","","","61.5 %","9.7 %","16.8 %","","","11.9 %","","","","13361"
"Marc Rzepczynski","- - -","47.2","0.1 %","","","","","59.1 %","25.5 %","","","","15.3 %","","","","6612"
"A.J. Schugel","Pirates","52.0","0.1 %","56.6 %","","","","4.2 %","","4.9 %","","","34.3 %","","","","11432"
"Kyle Lohse","Rangers","9.1","","","","","","62.0 %","20.9 %","4.8 %","","","12.3 %","","","","739"
"Javier Lopez","Giants","26.2","","67.1 %","","","","","20.9 %","4.8 %","","","7.3 %","","","","1663"
"Chris Capuano","Brewers","24.0","","","","","","48.6 %","27.7 %","2.1 %","","","21.6 %","","","","1701"
"Sean Burnett","Nationals","5.2","","","","","","64.8 %","23.9 %","","","","11.4 %","","","","1886"
"Chad Qualls","Rockies","32.2","","","","","","59.3 %","38.3 %","","","","2.5 %","","","","2170"
"Tony Watson","Pirates","67.2","","","","","","66.5 %","8.8 %","","","","24.7 %","","","","3132"
"Miguel Montero","Cubs","1.1","","","","","","","","3.2 %","","","96.8 %","","","","3364"
"Hector Santiago","- - -","182.0","","","5.3 %","","","63.8 %","5.4 %","3.5 %","","","21.1 %","1.0 %","","","4026"
"Pat Neshek","Astros","47.0","","","","","","38.9 %","54.2 %","","","","7.0 %","","","","4682"
"Nate Jones","White Sox","70.2","","62.9 %","","","","","35.9 %","0.7 %","","","0.4 %","","","0.1 %","4696"
"Peter Moylan","Royals","44.2","","","","","","59.9 %","38.0 %","","","","2.1 %","","","","4891"
"Jake Diekman","Rangers","53.0","","73.6 %","","","","","24.7 %","","","","1.7 %","","","","5003"
"Yohan Flande","Rockies","3.2","","","","","","48.3 %","6.9 %","","","","44.8 %","","","","5057"
"Tom Gorzelanny","Indians","3.0","","57.4 %","","","","","27.9 %","","","","14.7 %","","","","6244"
"Pat Venditte","- - -","22.0","","","","","","52.8 %","46.3 %","","","","1.0 %","","","","7108"
"Brad Ziegler","- - -","68.0","","","","","","57.9 %","","18.0 %","","","24.1 %","","","","7293"
"Josh Collmenter","- - -","41.1","","","65.0 %","","","","","8.5 %","","","26.5 %","","","","7312"
"Chris Gimenez","Indians","3.0","","","","","","","","","","","16.3 %","","83.7 %","","7324"
"Ryan Webb","Rays","17.1","","","","","","50.7 %","26.9 %","","","","22.4 %","","","","7474"
"Ryan Flaherty","Orioles","1.0","","","","","","","","","","","94.7 %","","5.3 %","","7888"
"Bryan Shaw","Indians","66.2","","","81.4 %","","","","18.3 %","","","","0.4 %","","","","8110"
"J.P. Howell","Dodgers","50.2","","","","","","49.7 %","","","46.9 %","","3.4 %","","","","8245"
"Huston Street","Angels","22.1","","","","","","46.9 %","34.2 %","","","","18.9 %","","","","8258"
"Buddy Boshers","Twins","36.0","","","","","","50.4 %","","41.8 %","","","7.8 %","","","","8490"
"Alexi Amarista","Padres","0.1","","","","","","","","","","","100.0 %","","","","9063"
"T.J. House","Indians","2.2","","75.6 %","","","","","15.6 %","","","","8.9 %","","","","9121"
"Michael Kirkman","- - -","2.1","","","","","","45.0 %","27.5 %","","","","27.5 %","","","","9877"
"Ryan Weber","Braves","36.1","","","","","","61.8 %","","24.1 %","","","14.1 %","","","","10160"
"Michael Tonkin","Twins","71.2","","70.8 %","","","","","29.0 %","","","","0.2 %","","","","10315"
"Aaron Loup","Blue Jays","14.1","","66.7 %","","","","","19.2 %","","","","14.2 %","","","","10343"
"Jake Petricka","White Sox","8.0","","74.4 %","","","","","3.9 %","","","","21.8 %","","","","10534"
"Scott Alexander","Royals","19.0","","","","","","72.2 %","22.8 %","","","","4.9 %","","","","10591"
"Chris Sale","White Sox","226.2","","55.8 %","","","","","25.0 %","","","","19.2 %","","","0.1 %","10603"
"Donn Roach","Mariners","5.1","","","","","","84.1 %","","15.9 %","","","","","","","10620"
"Ryan LaMarre","Red Sox","1.0","","","","","","","","","","","100.0 %","","","","10700"
"Jared Hoying","Rangers","1.0","","","","","","","","","","","","","100.0 %","","10882"
"Ben Rowen","Brewers","3.0","","66.7 %","","","","","31.7 %","","","","1.7 %","","","","10983"
"Kevin Chapman","Astros","8.0","","47.6 %","","","","2.0 %","29.9 %","6.8 %","","","13.6 %","","","","11240"
"Bryan Holaday","Rangers","1.1","","","","","","","","","","","50.0 %","","50.0 %","","11287"
"Tyler Holt","Reds","1.0","","","","","","","","20.0 %","","","","","80.0 %","","11391"
"Matt Grace","Nationals","3.0","","","","","","76.9 %","23.1 %","","","","","","","","11449"
"Sammy Solis","Nationals","41.0","","64.6 %","","","","","0.5 %","","27.0 %","","7.9 %","","","","11457"
"Williams Perez","Braves","53.2","","","","","","74.4 %","","15.6 %","","","10.0 %","","","","11592"
"Taylor Motter","Rays","0.1","","","","","","","","","","","83.3 %","","16.7 %","","12399"
"Alex Claudio","Rangers","51.2","","","","","","55.5 %","2.5 %","15.1 %","","","26.9 %","","","","12890"
"Luis Sardinas","Mariners","1.0","","","","","","","","25.0 %","","","75.0 %","","","","13153"
"Carson Smith","Red Sox","2.2","","","","","","64.6 %","35.4 %","","","","","","","","13172"
"Zach Davies","Brewers","163.1","","55.9 %","11.7 %","","","","0.9 %","10.9 %","","","20.7 %","","","","13183"
"Alex Wood","Dodgers","60.1","","55.8 %","","","","","","","29.3 %","","15.0 %","","","","13781"
"Andrew Heaney","Angels","6.0","","","","","","58.6 %","17.2 %","","","","24.1 %","","","","15423"
